time,dangjin_floating,dangjin_warehouse,dangjin,ulsan
2021-02-01 01:00:00,1.0403060719929934e-33,3.146324138649104e-33,0.0,4.3983474631512087e-13
2021-02-01 02:00:00,9.615260166449345e-30,2.6754800141804808e-34,0.0,1.3574408957994777e-11
2021-02-01 03:00:00,2.516810047342191e-31,4.066069955137483e-20,0.0,1.3361943729250925e-07
2021-02-01 04:00:00,8.765725697132675e-29,1.5157356448646532e-23,9.716130253579e-32,2.439823099109617e-08
2021-02-01 05:00:00,8.289675489037005e-27,2.212871421500818e-33,2.9490534113780768e-33,1.1841820679592274e-07
2021-02-01 06:00:00,1.8652897173113665e-31,4.196930261543102e-29,0.0,3.537284101184923e-07
2021-02-01 07:00:00,2.3087365446195226e-30,3.1362943767787476e-18,2.2420775429197073e-44,0.15440864861011505
2021-02-01 08:00:00,1.0147600733034778e-05,3.368302827766456e-07,2.9441280735464407e-41,1.2167500257492065
2021-02-01 09:00:00,66.31611633300781,34.52187728881836,76.59591674804688,67.8162841796875
2021-02-01 10:00:00,221.9471435546875,147.1514892578125,278.86431884765625,163.3029327392578
2021-02-01 11:00:00,398.4415283203125,332.2653503417969,469.4078674316406,243.45396423339844
2021-02-01 12:00:00,485.56207275390625,425.66876220703125,625.4635620117188,295.7149658203125
2021-02-01 13:00:00,542.7984008789062,468.42010498046875,682.2415771484375,288.6693115234375
2021-02-01 14:00:00,541.40966796875,471.984130859375,692.9580078125,296.88720703125
2021-02-01 15:00:00,545.5052490234375,433.98828125,660.6408081054688,263.3818054199219
2021-02-01 16:00:00,476.30023193359375,361.864501953125,580.5400390625,180.08348083496094
2021-02-01 17:00:00,243.21087646484375,192.37725830078125,264.7255859375,93.77127075195312
2021-02-01 18:00:00,67.01360321044922,34.43154525756836,12.867533683776855,6.1011881828308105
2021-02-01 19:00:00,1.871519932233087e-15,1.986002643806009e-13,0.0,7.696367561038642e-07
2021-02-01 20:00:00,8.157377089847664e-30,1.4701541973117656e-32,0.0,1.1113056655465137e-11
2021-02-01 21:00:00,1.001261935294935e-33,4.9031548957926564e-36,0.0,5.1460694734629334e-15
2021-02-01 22:00:00,1.986735728087475e-30,4.8312430375857986e-30,0.0,2.856216131663647e-11
2021-02-01 23:00:00,7.638489132185655e-29,2.6151607797143324e-32,0.0,9.811194825321001e-14
2021-02-01 24:00:00,8.784040327938825e-28,1.0907493707607727e-29,0.0,6.932759488015305e-12
2021-02-02 01:00:00,1.4194075452727761e-36,9.671354380712393e-31,0.0,7.534353433615571e-17
2021-02-02 02:00:00,2.0724659681347883e-33,1.1074742023251894e-40,0.0,9.164215610327209e-13
2021-02-02 03:00:00,3.1395353373488685e-35,3.779718805511043e-25,0.0,7.703235382905405e-09
2021-02-02 04:00:00,2.6532330948249478e-33,3.5344157893889234e-27,0.0,1.4391758895726525e-08
2021-02-02 05:00:00,6.492820665354465e-30,4.572893645128922e-36,0.0,5.35948068147718e-08
2021-02-02 06:00:00,3.4626681446092646e-36,4.459504026997012e-29,0.0,3.1425747692992445e-07
2021-02-02 07:00:00,1.2284830030500104e-30,2.4991610546982145e-14,0.0,0.7476006746292114
2021-02-02 08:00:00,3.519746780395508,0.04396285116672516,0.0,0.00025450909743085504
2021-02-02 09:00:00,103.9900131225586,58.84678268432617,120.13009643554688,58.25442123413086
2021-02-02 10:00:00,271.0170593261719,208.01278686523438,337.19317626953125,172.7913818359375
2021-02-02 11:00:00,438.7999267578125,347.49188232421875,480.731689453125,263.24853515625
2021-02-02 12:00:00,489.7811279296875,416.48846435546875,601.939453125,325.6466064453125
2021-02-02 13:00:00,544.1224975585938,401.95611572265625,627.563720703125,340.85528564453125
2021-02-02 14:00:00,468.878173828125,438.4989013671875,646.6036987304688,336.0555419921875
2021-02-02 15:00:00,457.6832275390625,406.9649963378906,634.3505859375,303.34063720703125
2021-02-02 16:00:00,416.7066345214844,337.7556457519531,551.9315185546875,217.62905883789062
2021-02-02 17:00:00,224.08541870117188,187.44900512695312,251.84848022460938,98.54266357421875
2021-02-02 18:00:00,52.063148498535156,33.66434097290039,38.412330627441406,2.2854344844818115
2021-02-02 19:00:00,5.4116587584219976e-17,8.605278815909667e-12,0.0,3.968970334680688e-13
2021-02-02 20:00:00,3.171173898207655e-31,2.5438501225692976e-28,0.0,1.1789039499994426e-15
2021-02-02 21:00:00,6.842823530850202e-34,1.8974058686679226e-30,0.0,2.1748451040925918e-17
2021-02-02 22:00:00,1.5793007720698673e-29,2.1881677703624293e-25,0.0,2.983400812094257e-14
2021-02-02 23:00:00,8.269362513320558e-28,7.29443424209139e-27,0.0,4.71401956640867e-15
2021-02-02 24:00:00,6.799137907912667e-26,6.503046362708946e-26,0.0,2.6517916484089347e-14
2021-02-03 01:00:00,5.561128065270724e-38,6.924169588051077e-27,0.0,1.0713040485915416e-18
2021-02-03 02:00:00,3.6554970013007145e-34,7.908782237089592e-38,0.0,3.656020358146477e-15
2021-02-03 03:00:00,2.122015546059781e-35,6.953959551956116e-24,0.0,4.005631243364505e-11
2021-02-03 04:00:00,9.100440695828047e-33,4.774732484574429e-25,0.0,6.882355102488802e-11
2021-02-03 05:00:00,1.9420460659765575e-30,1.0923497068432078e-34,0.0,2.2309083747007463e-10
2021-02-03 06:00:00,1.4099312700129734e-36,2.884769213528112e-29,0.0,5.410996650745403e-10
2021-02-03 07:00:00,3.7120063887808707e-31,2.3036550965416236e-12,3.44980904517348e-39,4.661183265852742e-05
2021-02-03 08:00:00,0.0016269002808257937,1.497513771057129,3.923635700109488e-44,7.22116237739101e-05
2021-02-03 09:00:00,79.17375946044922,62.494354248046875,133.52508544921875,61.449214935302734
2021-02-03 10:00:00,209.66436767578125,171.25038146972656,335.2318420410156,173.5717315673828
2021-02-03 11:00:00,370.2872619628906,330.216064453125,470.4398498535156,260.1798400878906
2021-02-03 12:00:00,441.00909423828125,395.0289001464844,589.4392700195312,316.5007019042969
2021-02-03 13:00:00,423.5755920410156,390.07342529296875,626.6155395507812,319.16033935546875
2021-02-03 14:00:00,292.61798095703125,221.36492919921875,534.3760375976562,324.0904541015625
2021-02-03 15:00:00,149.13722229003906,82.11383819580078,435.86492919921875,287.7554931640625
2021-02-03 16:00:00,63.54281997680664,46.64410400390625,307.5009765625,200.68336486816406
2021-02-03 17:00:00,47.27843475341797,41.354557037353516,139.58270263671875,97.66110229492188
2021-02-03 18:00:00,2.421119213104248,23.820037841796875,31.01959991455078,7.510278701782227
2021-02-03 19:00:00,1.3843699830884363e-22,1.6525395418395816e-12,2.802596928649634e-45,2.666031377884792e-07
2021-02-03 20:00:00,6.760500906397232e-33,3.87347935517988e-29,0.0,1.5678806863927974e-10
2021-02-03 21:00:00,1.792356427740973e-36,4.427087314665389e-33,0.0,2.5933600969821335e-13
2021-02-03 22:00:00,4.275013518664013e-34,9.970190728772786e-28,0.0,1.330927312803709e-10
2021-02-03 23:00:00,2.068839292556013e-34,3.205303840658356e-29,0.0,3.4190168057834924e-11
2021-02-03 24:00:00,1.8009898236730821e-31,1.8124065815943136e-27,0.0,2.69051426103617e-12
2021-02-04 01:00:00,3.963807900276997e-37,8.555037050122478e-27,0.0,3.3931873101259723e-18
2021-02-04 02:00:00,1.2586881267918117e-34,3.890760565513165e-37,0.0,2.1803392086044114e-14
2021-02-04 03:00:00,2.8784164577706344e-36,9.382309287637052e-24,0.0,9.708638754046817e-11
2021-02-04 04:00:00,2.2696805379999147e-34,5.1305127861171415e-20,0.0,1.9264086159598293e-10
2021-02-04 05:00:00,9.767190201695667e-32,1.2741344311288837e-31,0.0,7.754325515030303e-10
2021-02-04 06:00:00,2.1275412358474084e-37,1.2509372028179526e-21,0.0,1.46922396471183e-09
2021-02-04 07:00:00,6.114783492391318e-33,6.682741968688788e-07,3.2003791516663113e-37,0.0005353725282475352
2021-02-04 08:00:00,2.0946328731952235e-05,21.9884033203125,6.975581107767186e-33,5.2828439947916195e-05
2021-02-04 09:00:00,83.75421142578125,107.94902038574219,152.36764526367188,60.66309356689453
2021-02-04 10:00:00,247.62469482421875,233.87518310546875,351.05023193359375,167.80419921875
2021-02-04 11:00:00,418.14129638671875,343.6459655761719,488.7567138671875,258.3523864746094
2021-02-04 12:00:00,497.77679443359375,410.3741149902344,605.17041015625,322.033447265625
2021-02-04 13:00:00,532.6477661132812,429.4676818847656,654.3705444335938,338.61163330078125
2021-02-04 14:00:00,511.7685546875,425.5057373046875,653.6455688476562,335.03228759765625
2021-02-04 15:00:00,479.20501708984375,382.09332275390625,618.13330078125,303.05548095703125
2021-02-04 16:00:00,328.44769287109375,289.1738586425781,506.59063720703125,235.4990692138672
2021-02-04 17:00:00,150.24839782714844,120.18536376953125,220.4796600341797,112.75624084472656
2021-02-04 18:00:00,24.253074645996094,14.828117370605469,30.18395233154297,8.668174743652344
2021-02-04 19:00:00,4.879162647882967e-20,4.0667203762487225e-13,0.0,3.840465272186844e-13
2021-02-04 20:00:00,1.9827749704020404e-31,6.2672716153564905e-25,0.0,2.6090664595164806e-14
2021-02-04 21:00:00,7.714584871833594e-32,1.0222091050660213e-28,0.0,1.2731038373310755e-17
2021-02-04 22:00:00,2.3593068758291858e-30,2.4195979155831872e-24,0.0,5.973488441087318e-14
2021-02-04 23:00:00,2.6576232679435775e-30,7.560861227622098e-27,0.0,4.962840576862304e-15
2021-02-04 24:00:00,5.6891710556656455e-28,7.476121573479103e-24,0.0,2.3456319284370468e-14
2021-02-05 01:00:00,9.545719396588875e-36,2.1138453131466655e-22,0.0,1.309768121674121e-18
2021-02-05 02:00:00,2.496241599839808e-32,3.283769536784784e-29,0.0,9.474100784489028e-15
2021-02-05 03:00:00,1.5946202411542327e-32,4.740823475899435e-20,0.0,7.549311731303021e-10
2021-02-05 04:00:00,9.693367158123631e-31,3.152445887883229e-14,7.746377910787589e-42,2.4073543158920074e-08
2021-02-05 05:00:00,4.483506169670181e-28,2.2796511683540532e-26,9.024362110251822e-43,1.9816411622741725e-06
2021-02-05 06:00:00,2.1249105751283277e-32,1.1184580144636344e-13,0.0,3.7775428154418478e-06
2021-02-05 07:00:00,5.089961407263927e-29,6.031195880495943e-05,1.6534613741261686e-33,3.2676424980163574
2021-02-05 08:00:00,3.5787168144452153e-06,25.619667053222656,4.021094943236147e-18,0.8032235503196716
2021-02-05 09:00:00,47.18102264404297,106.4315185546875,130.7197723388672,72.73554229736328
2021-02-05 10:00:00,139.03395080566406,217.70774841308594,289.1979675292969,176.28639221191406
2021-02-05 11:00:00,168.02957153320312,330.5728759765625,370.31622314453125,259.42181396484375
2021-02-05 12:00:00,149.62985229492188,379.2449035644531,425.40667724609375,315.079833984375
2021-02-05 13:00:00,139.05056762695312,399.2118835449219,474.1679382324219,321.789306640625
2021-02-05 14:00:00,117.38859558105469,323.323974609375,341.1752624511719,323.6488037109375
2021-02-05 15:00:00,120.03475952148438,231.02853393554688,376.42919921875,287.3672180175781
2021-02-05 16:00:00,101.18698120117188,271.1371765136719,323.09783935546875,199.7613525390625
2021-02-05 17:00:00,48.96382141113281,95.56228637695312,125.65969848632812,102.36480712890625
2021-02-05 18:00:00,0.01570466160774231,1.4186216592788696,16.02325439453125,2.3426623344421387
2021-02-05 19:00:00,1.5160032517272531e-21,5.933246244576446e-14,0.0,2.4972385270771724e-12
2021-02-05 20:00:00,6.06447362721991e-31,1.9358831996436357e-24,0.0,4.758952440799024e-16
2021-02-05 21:00:00,5.545106236546205e-33,3.015932565904728e-29,0.0,1.1863555039772306e-17
2021-02-05 22:00:00,5.767104119314993e-31,6.381019737255411e-24,0.0,5.519705023859225e-15
2021-02-05 23:00:00,6.379025571149667e-31,5.291476344392398e-27,0.0,1.0529640209072395e-15
2021-02-05 24:00:00,3.627045183586488e-29,3.533829904859806e-23,0.0,6.406194883378999e-15
2021-02-06 01:00:00,4.984728610384035e-33,1.1128257980533914e-16,0.0,1.0106211482764624e-18
2021-02-06 02:00:00,2.811072300499919e-29,1.2109971783420564e-23,3.783505853677006e-43,9.73787933799999e-16
2021-02-06 03:00:00,6.493216383772726e-30,1.6502356425807108e-10,1.5197043264253248e-27,4.6572606882122614e-11
2021-02-06 04:00:00,6.957766184076449e-28,4.137817541050026e-06,2.369203763449706e-20,8.120664557464963e-11
2021-02-06 05:00:00,4.085679185528353e-26,7.11733806193569e-19,2.7092830237045302e-17,5.30854826763516e-09
2021-02-06 06:00:00,3.6466585419288283e-31,2.870111925901142e-09,6.256181972069753e-27,2.5222696820037527e-08
2021-02-06 07:00:00,5.7653560294407436e-27,13.27739143371582,1.610641741506269e-12,0.20371736586093903
2021-02-06 08:00:00,0.0016528518171980977,46.1287956237793,1.198110818862915,0.6261988282203674
2021-02-06 09:00:00,55.96019744873047,118.8653793334961,129.28707885742188,69.68407440185547
2021-02-06 10:00:00,128.20272827148438,217.50631713867188,260.0145263671875,150.33465576171875
2021-02-06 11:00:00,158.83973693847656,327.0735168457031,325.43792724609375,210.0493621826172
2021-02-06 12:00:00,121.4919662475586,394.8714599609375,385.9952392578125,254.60215759277344
2021-02-06 13:00:00,124.52188110351562,439.9967041015625,358.917236328125,259.32342529296875
2021-02-06 14:00:00,178.33892822265625,442.7278137207031,314.08209228515625,252.4976806640625
2021-02-06 15:00:00,148.26979064941406,380.4771728515625,306.3032531738281,213.927490234375
2021-02-06 16:00:00,115.39976501464844,313.24127197265625,274.9555969238281,148.57452392578125
2021-02-06 17:00:00,40.65614318847656,132.95468139648438,119.7949447631836,78.14139556884766
2021-02-06 18:00:00,9.528716327622533e-05,25.805419921875,30.977935791015625,0.46403101086616516
2021-02-06 19:00:00,1.4906839468697306e-22,9.173988790855958e-10,0.0,1.3192437864784773e-13
2021-02-06 20:00:00,4.441958934508023e-32,3.8965425197690077e-20,0.0,2.721642326283379e-16
2021-02-06 21:00:00,6.797887848608246e-35,9.076517095229925e-26,0.0,6.754803617812633e-18
2021-02-06 22:00:00,1.6578644820907612e-32,2.96762728679551e-19,0.0,1.9164803140184032e-14
2021-02-06 23:00:00,3.7968462829582483e-31,6.91001763295259e-22,0.0,5.93512216844473e-15
2021-02-06 24:00:00,6.391162409262585e-29,2.9572560549162894e-17,0.0,2.5125328673749866e-15
2021-02-07 01:00:00,2.45821919904327e-37,2.819887030857445e-16,0.0,1.6791400665899349e-19
2021-02-07 02:00:00,2.1187084924459467e-34,1.3554959956557714e-25,2.6260333221447072e-42,3.889184599844826e-16
2021-02-07 03:00:00,1.1015593147810417e-35,1.760805216910466e-11,1.780013110153341e-25,6.5216746933383085e-12
2021-02-07 04:00:00,2.7148683044003913e-33,5.811893899476672e-08,4.630033360346526e-19,2.7758207770512506e-15
2021-02-07 05:00:00,5.744007065914556e-31,3.886427379210804e-23,5.804154304717184e-18,8.525971812237132e-13
2021-02-07 06:00:00,6.820479255106769e-37,1.3402100262904781e-10,6.822980703391609e-21,2.774904004493317e-12
2021-02-07 07:00:00,7.148446221326441e-32,13.926362037658691,2.9569846571320113e-10,0.03340347483754158
2021-02-07 08:00:00,0.00074101792415604,49.19580841064453,4.799058039850479e-09,0.27962979674339294
2021-02-07 09:00:00,88.96747589111328,131.2940673828125,177.74642944335938,72.03172302246094
2021-02-07 10:00:00,237.5846405029297,256.0462341308594,367.93963623046875,164.3559112548828
2021-02-07 11:00:00,393.1947937011719,368.927978515625,511.682861328125,227.37240600585938
2021-02-07 12:00:00,512.7489013671875,443.9509582519531,636.9940185546875,293.33221435546875
2021-02-07 13:00:00,552.8582763671875,483.17694091796875,699.2799072265625,310.12652587890625
2021-02-07 14:00:00,562.114501953125,483.95599365234375,699.0262451171875,325.88238525390625
2021-02-07 15:00:00,533.7355346679688,449.7973327636719,665.8594970703125,288.9046936035156
2021-02-07 16:00:00,399.88665771484375,383.5301513671875,585.873046875,206.4567413330078
2021-02-07 17:00:00,210.1773223876953,240.0587158203125,344.60052490234375,108.59465026855469
2021-02-07 18:00:00,42.696258544921875,68.55400848388672,143.42221069335938,10.35857105255127
2021-02-07 19:00:00,5.845031399240447e-20,2.1980209567118436e-05,4.5188408136914715e-14,5.769721145298945e-09
2021-02-07 20:00:00,8.74062701782913e-34,1.9746585863812354e-18,0.0,1.1711634029384303e-14
2021-02-07 21:00:00,2.379390667335019e-37,4.6547752630461765e-18,0.0,1.2148915393900544e-18
2021-02-07 22:00:00,4.225207914855169e-34,4.1519225733800853e-17,0.0,1.9456295298828086e-13
2021-02-07 23:00:00,2.1904637441092604e-33,8.283387171093902e-19,0.0,7.052942655090284e-16
2021-02-07 24:00:00,2.1414317250511687e-30,2.2178945742549463e-15,2.802596928649634e-45,1.3421514029018141e-14
2021-02-08 01:00:00,3.5434968336935544e-37,1.088463832412366e-13,0.0,4.488515678927052e-15
2021-02-08 02:00:00,1.9741302637232383e-34,8.216787514733703e-28,0.0,1.0656743499801169e-12
2021-02-08 03:00:00,4.547218449304626e-36,3.727649428280494e-13,0.0,4.0292394487551064e-07
2021-02-08 04:00:00,9.740942863842645e-35,6.65695998325333e-10,0.0,1.4758875011011696e-07
2021-02-08 05:00:00,1.045375237097281e-31,1.0597178747504567e-22,0.0,5.909546629823126e-08
2021-02-08 06:00:00,1.2760275383925271e-37,4.383267082630482e-08,0.0,1.155868361024659e-07
2021-02-08 07:00:00,9.01943076795716e-33,13.128717422485352,1.538949685065291e-35,0.9405054450035095
2021-02-08 08:00:00,0.004491814877837896,50.08514404296875,3.3320147270782156e-26,0.13896824419498444
2021-02-08 09:00:00,94.77719116210938,126.97327423095703,159.2235870361328,72.28099060058594
2021-02-08 10:00:00,261.0421447753906,254.22311401367188,360.231689453125,183.65145874023438
2021-02-08 11:00:00,447.4453125,367.5325927734375,523.8218994140625,270.65753173828125
2021-02-08 12:00:00,550.1437377929688,437.802734375,648.482421875,333.1053466796875
2021-02-08 13:00:00,581.445556640625,489.7742919921875,695.9656982421875,348.7979736328125
2021-02-08 14:00:00,584.8194580078125,482.974853515625,698.6741333007812,343.40631103515625
2021-02-08 15:00:00,557.0238647460938,444.41693115234375,666.6387329101562,312.9682922363281
2021-02-08 16:00:00,447.8418273925781,379.8731689453125,577.4007568359375,243.9314727783203
2021-02-08 17:00:00,238.68746948242188,239.69384765625,342.654541015625,123.06672668457031
2021-02-08 18:00:00,55.030433654785156,69.70133972167969,137.24560546875,11.496668815612793
2021-02-08 19:00:00,6.485313716352961e-17,0.00013679935364052653,1.7054300061663196e-15,8.477195724901354e-13
2021-02-08 20:00:00,1.0082309086550826e-31,4.548459393275961e-17,0.0,2.3194442955100803e-15
2021-02-08 21:00:00,1.1432714563134821e-34,2.909498285942173e-17,0.0,4.958970002734363e-19
2021-02-08 22:00:00,6.87228615799341e-32,2.601093920719127e-16,0.0,1.3313264065391989e-13
2021-02-08 23:00:00,1.45334942998943e-30,4.645110484769107e-17,0.0,1.5555151271394387e-15
2021-02-08 24:00:00,1.2368029361503282e-27,1.0038574382561019e-13,2.1706643956987376e-35,7.016477039678039e-15
2021-02-09 01:00:00,8.163267297991231e-36,7.966357608302221e-12,0.0,2.1585882919035156e-16
2021-02-09 02:00:00,1.683329657023006e-32,1.2246714071341358e-27,0.0,1.3222075344321293e-11
2021-02-09 03:00:00,7.2612875811284355e-34,1.415440594593198e-11,5.605193857299268e-45,1.0412841220386326e-05
2021-02-09 04:00:00,2.62046466899996e-31,1.2771603219441374e-10,2.6357440402427853e-38,2.932158713520039e-05
2021-02-09 05:00:00,7.190931902059228e-29,3.340723776123759e-24,3.0778904197570304e-39,5.903406872675987e-06
2021-02-09 06:00:00,5.790370951752242e-35,6.300548699032706e-16,9.002627971070144e-39,1.1166069953105762e-06
2021-02-09 07:00:00,4.8706952611067404e-30,7.859555244445801,2.7851440924654135e-30,0.02965463139116764
2021-02-09 08:00:00,0.30672991275787354,47.993526458740234,1.041592371805589e-26,0.08982927352190018
2021-02-09 09:00:00,92.4911880493164,126.3180923461914,145.86761474609375,68.00987243652344
2021-02-09 10:00:00,254.26425170898438,238.46292114257812,334.77313232421875,176.65036010742188
2021-02-09 11:00:00,382.7047424316406,344.6964111328125,451.32904052734375,266.298583984375
2021-02-09 12:00:00,364.3640441894531,410.0094909667969,522.838134765625,322.98199462890625
2021-02-09 13:00:00,288.66729736328125,431.4151611328125,527.9666748046875,335.6390380859375
2021-02-09 14:00:00,289.9692687988281,443.12139892578125,504.8481750488281,331.22967529296875
2021-02-09 15:00:00,264.1695861816406,401.2947998046875,499.6452941894531,298.22869873046875
2021-02-09 16:00:00,203.85662841796875,340.884521484375,384.84259033203125,223.56381225585938
2021-02-09 17:00:00,92.74501037597656,182.19461059570312,217.163818359375,105.65476989746094
2021-02-09 18:00:00,4.098186016082764,42.61109924316406,76.3304443359375,13.092351913452148
2021-02-09 19:00:00,6.077818097993929e-22,2.1980833935231203e-06,2.4093135817157534e-21,9.151329867507219e-12
2021-02-09 20:00:00,7.995285722907057e-33,1.4993455930801478e-16,0.0,2.4322804512665053e-13
2021-02-09 21:00:00,1.3230245167746243e-34,9.15051588971881e-22,0.0,6.412544983505446e-17
2021-02-09 22:00:00,2.95735747081427e-32,6.093782662652011e-17,0.0,5.172148516766062e-14
2021-02-09 23:00:00,1.102385420068376e-31,4.170440761396068e-20,0.0,6.250188355153702e-14
2021-02-09 24:00:00,8.366867411209401e-29,2.1115145682087559e-16,4.9605965637098524e-43,9.311048297395291e-14
2021-02-10 01:00:00,5.21869239381598e-33,6.574043779239858e-15,0.0,1.1573626580711245e-17
2021-02-10 02:00:00,2.668626910694393e-29,2.3946792905343663e-22,2.8132392726139084e-29,6.860352943279663e-14
2021-02-10 03:00:00,3.3125163733855555e-30,3.8537817381723016e-10,1.3342203560630127e-19,1.1272238698012416e-09
2021-02-10 04:00:00,6.14107077633418e-29,8.804391882222262e-08,1.70125797893661e-08,2.1697328378422753e-09
2021-02-10 05:00:00,1.1061246605265677e-26,3.2995039100261193e-21,3.506549651338675e-12,4.6049585478158406e-08
2021-02-10 06:00:00,2.3019275347346868e-32,3.512420576612385e-08,5.0789099637083305e-20,7.999322804153053e-08
2021-02-10 07:00:00,2.3561973791791703e-28,12.840739250183105,0.011549095623195171,0.04730095714330673
2021-02-10 08:00:00,0.002743710530921817,48.65668487548828,0.000548186304513365,3.063971519470215
2021-02-10 09:00:00,67.18782043457031,122.31395721435547,166.2069091796875,76.2991714477539
2021-02-10 10:00:00,195.48187255859375,233.01885986328125,326.7497253417969,181.9889678955078
2021-02-10 11:00:00,306.86029052734375,342.46826171875,419.6556701660156,265.29718017578125
2021-02-10 12:00:00,383.3248596191406,410.9637451171875,492.1508483886719,320.5115966796875
2021-02-10 13:00:00,445.45623779296875,438.2546691894531,538.8712768554688,335.93603515625
2021-02-10 14:00:00,434.0384826660156,446.32464599609375,500.16668701171875,327.13067626953125
2021-02-10 15:00:00,374.3346862792969,403.0898742675781,449.3892822265625,286.8437194824219
2021-02-10 16:00:00,288.2537841796875,349.6691589355469,325.7340087890625,205.1901092529297
2021-02-10 17:00:00,137.79641723632812,176.63967895507812,178.03366088867188,99.38829040527344
2021-02-10 18:00:00,19.166038513183594,42.59690856933594,56.71882629394531,9.606329917907715
2021-02-10 19:00:00,1.2462230730420317e-19,4.555958639684832e-06,8.550029793737037e-23,9.166143538630322e-12
2021-02-10 20:00:00,1.2348851008716297e-33,9.308481279345342e-16,0.0,2.6038763498354746e-14
2021-02-10 21:00:00,3.265746007662498e-35,2.1527219052857984e-19,0.0,6.819820262113485e-17
2021-02-10 22:00:00,3.610240257572415e-32,4.718564123163816e-18,0.0,1.0871182951646642e-15
2021-02-10 23:00:00,8.416247441541399e-32,1.0709924212204594e-20,0.0,1.3837888320834043e-15
2021-02-10 24:00:00,1.498426610270017e-29,3.624012730075191e-16,0.0,7.503809822584275e-16
2021-02-11 01:00:00,3.394897763550448e-39,1.1646920159657425e-18,0.0,1.2770979120060123e-16
2021-02-11 02:00:00,3.7165772489728752e-34,1.2183819863075278e-25,0.0,2.9615037398583125e-15
2021-02-11 03:00:00,2.74101772724741e-34,2.2279051867246658e-11,1.7824516466211673e-42,4.087953500014896e-12
2021-02-11 04:00:00,5.604529489014348e-31,6.094425771152601e-06,2.2775355391249687e-29,3.3442376472236912e-12
2021-02-11 05:00:00,2.838086236494245e-28,1.0695517698614246e-19,3.2217720318711614e-26,6.203853403219384e-11
2021-02-11 06:00:00,2.049265474904899e-34,1.799299181870495e-10,2.336776607601149e-33,1.4054821195763623e-10
2021-02-11 07:00:00,9.873063192782421e-30,14.284302711486816,4.286847637394349e-14,1.6601707102381624e-05
2021-02-11 08:00:00,0.0005746489041484892,46.57202911376953,2.2676948674416053e-07,0.28892090916633606
2021-02-11 09:00:00,77.13520812988281,121.89366912841797,165.9069061279297,77.484130859375
2021-02-11 10:00:00,220.0464324951172,232.11709594726562,337.88421630859375,177.13204956054688
2021-02-11 11:00:00,368.4391784667969,342.19659423828125,465.5061340332031,252.03135681152344
2021-02-11 12:00:00,487.7394714355469,412.502685546875,568.3482055664062,294.4840087890625
2021-02-11 13:00:00,520.1337890625,442.8047180175781,602.8443603515625,288.9880065917969
2021-02-11 14:00:00,525.8657836914062,449.9844970703125,589.9969482421875,289.6671447753906
2021-02-11 15:00:00,482.8634948730469,408.2541809082031,519.901123046875,253.55380249023438
2021-02-11 16:00:00,298.03765869140625,324.10296630859375,269.9156494140625,176.7401885986328
2021-02-11 17:00:00,129.05340576171875,147.13992309570312,129.96728515625,86.63668823242188
2021-02-11 18:00:00,10.5757474899292,35.97262191772461,0.00031327171018347144,2.146225929260254
2021-02-11 19:00:00,5.2267729410668024e-21,9.665750155818387e-08,0.0,9.796342610810665e-15
2021-02-11 20:00:00,4.757404900666298e-33,8.740565242761015e-18,0.0,6.822965368238534e-18
2021-02-11 21:00:00,1.4136055400550973e-34,5.098238141358851e-22,0.0,1.0320094539776695e-18
2021-02-11 22:00:00,8.325941263533828e-32,3.066953108158377e-17,0.0,3.179862650319956e-14
2021-02-11 23:00:00,8.971223597693144e-32,1.4706919739432497e-18,0.0,2.2115340767990717e-14
2021-02-11 24:00:00,3.6749988530864753e-28,8.665287996693916e-14,0.0,3.681226872810639e-14
2021-02-12 01:00:00,2.395098214185206e-38,4.015479626324342e-13,0.0,2.5417231050450274e-15
2021-02-12 02:00:00,2.9916898312615993e-34,5.508726015467312e-22,1.5658907184097545e-32,2.760310629699135e-14
2021-02-12 03:00:00,4.20725866713109e-34,1.7361367099510971e-06,8.615134159612888e-19,1.2813123825838879e-11
2021-02-12 04:00:00,1.0199099622480164e-30,0.043585117906332016,0.9410589933395386,1.9340728671379814e-11
2021-02-12 05:00:00,3.0544078915540345e-28,2.201162682461579e-16,6.223737273103325e-06,1.5391043994839038e-10
2021-02-12 06:00:00,1.9484171513184662e-33,2.758423306659097e-06,3.304642461911776e-14,1.1055430876316663e-10
2021-02-12 07:00:00,5.130195287508392e-29,16.61682891845703,8.443502156296745e-05,1.1705411452567205e-05
2021-02-12 08:00:00,0.33859458565711975,48.855064392089844,0.00019969271670561284,0.03509492427110672
2021-02-12 09:00:00,89.46513366699219,123.57669830322266,178.79006958007812,76.34458923339844
2021-02-12 10:00:00,214.9036102294922,240.27963256835938,344.5978698730469,177.05767822265625
2021-02-12 11:00:00,340.06732177734375,348.3351745605469,463.7314147949219,249.72576904296875
2021-02-12 12:00:00,369.8589782714844,414.9893493652344,549.9800415039062,287.68560791015625
2021-02-12 13:00:00,418.6748352050781,447.0955810546875,582.1405639648438,289.50836181640625
2021-02-12 14:00:00,413.0389709472656,454.6982116699219,588.028076171875,285.6293640136719
2021-02-12 15:00:00,423.1315612792969,415.52972412109375,580.4896240234375,256.921142578125
2021-02-12 16:00:00,324.9783020019531,338.731689453125,483.38037109375,196.70440673828125
2021-02-12 17:00:00,171.43162536621094,196.6963653564453,266.09912109375,95.33740234375
2021-02-12 18:00:00,30.080589294433594,58.06040573120117,113.93433380126953,9.689785957336426
2021-02-12 19:00:00,2.966757092791104e-18,0.0005171468365006149,4.8371463085006283e-14,6.563597999527729e-14
2021-02-12 20:00:00,3.877610929239157e-33,7.118245189554446e-16,0.0,1.1895832355193064e-15
2021-02-12 21:00:00,2.499514500693579e-36,7.103342165971292e-19,0.0,2.8219934545591176e-18
2021-02-12 22:00:00,2.64886429660172e-33,9.57513889784402e-16,0.0,1.484090450290759e-15
2021-02-12 23:00:00,3.2092506287689256e-32,2.733137423645457e-17,0.0,6.607151332532714e-16
2021-02-12 24:00:00,9.723227046815309e-29,1.071250076492558e-12,5.3986824643747354e-27,8.90084074424858e-15
2021-02-13 01:00:00,1.952722548611034e-36,2.9139665567925067e-15,0.0,8.254186516738407e-17
2021-02-13 02:00:00,2.4933105046760327e-32,1.8863184033672107e-25,2.2372851021717164e-40,1.6557181718875567e-14
2021-02-13 03:00:00,1.6028168163257227e-32,3.130466552647704e-07,6.961786235427267e-25,8.377994131780753e-11
2021-02-13 04:00:00,1.2434340122546162e-29,0.0009269577567465603,2.202647647608913e-10,7.862415579706905e-11
2021-02-13 05:00:00,6.040770752242924e-28,1.6113743030328996e-18,1.2814577144640987e-13,1.5476715464757262e-09
2021-02-13 06:00:00,2.243778106719813e-33,1.7552006514875984e-09,4.250716701139779e-20,8.107265969670152e-10
2021-02-13 07:00:00,1.5159920242351455e-28,16.43115997314453,1.2438439167539173e-11,0.000556791084818542
2021-02-13 08:00:00,0.02049216628074646,48.833526611328125,1.0021902578649655e-11,0.49165692925453186
2021-02-13 09:00:00,84.21308898925781,125.76631164550781,167.8290252685547,80.0806884765625
2021-02-13 10:00:00,218.3734588623047,242.36361694335938,344.3218688964844,179.4381561279297
2021-02-13 11:00:00,353.849853515625,350.2607116699219,469.70330810546875,253.5701446533203
2021-02-13 12:00:00,414.46551513671875,419.7622985839844,565.7108154296875,296.10260009765625
2021-02-13 13:00:00,467.85986328125,442.03887939453125,594.53759765625,288.83184814453125
2021-02-13 14:00:00,458.3286437988281,445.935791015625,576.812744140625,280.4392395019531
2021-02-13 15:00:00,426.9289245605469,406.4598388671875,553.821533203125,248.46337890625
2021-02-13 16:00:00,277.1358947753906,306.6693420410156,369.2076416015625,189.51849365234375
2021-02-13 17:00:00,106.24736785888672,156.447998046875,156.063232421875,91.9047622680664
2021-02-13 18:00:00,11.743637084960938,36.14353942871094,12.980928421020508,2.8577446937561035
2021-02-13 19:00:00,1.4502712716493058e-21,8.95867913186521e-08,0.0,8.717436088311395e-15
2021-02-13 20:00:00,1.9200775988248732e-32,1.8382825595605365e-18,0.0,1.8300126145913845e-18
2021-02-13 21:00:00,6.759903883836709e-34,1.0455070977455338e-23,0.0,1.1820626795823854e-19
2021-02-13 22:00:00,8.806031964319263e-32,3.465527977006491e-18,0.0,6.246558818974717e-16
2021-02-13 23:00:00,1.196021773571827e-30,1.3202076373129077e-17,0.0,8.18995230257897e-17
2021-02-13 24:00:00,9.212340184551325e-28,3.818186679370797e-14,0.0,1.8859170041771276e-16
2021-02-14 01:00:00,5.495015364243265e-39,9.176559794162042e-14,2.802596928649634e-44,2.180745826770741e-15
2021-02-14 02:00:00,1.2828827392676115e-33,4.477611475889395e-27,4.268999719626982e-40,9.018580017982822e-16
2021-02-14 03:00:00,1.2824129088692672e-33,4.683021678775212e-11,1.3293625514985954e-28,1.7966087602003245e-12
2021-02-14 04:00:00,1.5712588484616546e-31,1.9202476053692408e-08,1.770126059619237e-11,4.8947304542856784e-12
2021-02-14 05:00:00,2.0435732083689427e-28,1.4880200708778823e-21,4.8623770610689275e-23,1.8544234615773536e-13
2021-02-14 06:00:00,1.4696480367911413e-34,1.5018559312851565e-12,1.4274776080679449e-27,3.6130167325836016e-13
2021-02-14 07:00:00,1.6167580030023224e-30,11.125807762145996,3.055268847163353e-14,3.420846939050648e-09
2021-02-14 08:00:00,0.002071978757157922,45.82590866088867,9.780791773591032e-26,0.00819062627851963
2021-02-14 09:00:00,81.90956115722656,125.02325439453125,152.6313934326172,74.14926147460938
2021-02-14 10:00:00,213.01947021484375,232.4549560546875,347.2059020996094,165.830078125
2021-02-14 11:00:00,362.4084777832031,349.94219970703125,475.0539855957031,239.17970275878906
2021-02-14 12:00:00,458.8430480957031,422.740478515625,592.0098876953125,274.49298095703125
2021-02-14 13:00:00,491.6539611816406,437.788330078125,635.2598876953125,256.3400573730469
2021-02-14 14:00:00,486.33282470703125,454.82110595703125,628.8462524414062,263.3426208496094
2021-02-14 15:00:00,443.013427734375,402.86346435546875,558.2628173828125,234.39971923828125
2021-02-14 16:00:00,293.0154113769531,293.048095703125,370.6460266113281,167.5238037109375
2021-02-14 17:00:00,149.56475830078125,168.23606872558594,118.59024047851562,87.70862579345703
2021-02-14 18:00:00,26.930015563964844,47.588382720947266,0.279631644487381,7.5408525466918945
2021-02-14 19:00:00,5.143289172289391e-20,2.606786074466072e-05,0.0,4.3260956882756885e-13
2021-02-14 20:00:00,1.4482721311989187e-33,4.509016526537289e-18,0.0,9.344588573351119e-17
2021-02-14 21:00:00,4.126036111388004e-36,2.411930779230118e-24,0.0,5.648890022199143e-18
2021-02-14 22:00:00,7.133130227884997e-34,7.223844222020884e-21,0.0,1.5011900549683974e-14
2021-02-14 23:00:00,1.7501305168300654e-34,8.709614067166623e-25,0.0,1.6325447395847126e-13
2021-02-14 24:00:00,1.199681322584807e-31,1.4607317944444771e-21,0.0,4.2361470234397736e-13
2021-02-15 01:00:00,3.4735924432293866e-38,2.4495456377663696e-34,0.0,2.068357421100564e-12
2021-02-15 02:00:00,4.127506701886575e-33,1.2182032375218564e-36,0.0,7.23572084098123e-05
2021-02-15 03:00:00,4.463473158132784e-35,4.4984771251999414e-14,0.0,14.955467224121094
2021-02-15 04:00:00,8.847843122883661e-34,2.083800580005013e-12,1.4293244336113134e-43,12.268803596496582
2021-02-15 05:00:00,3.1074186111021065e-31,5.327493237319581e-25,0.0,9.895859718322754
2021-02-15 06:00:00,9.777673259742329e-38,1.4979144660753896e-11,0.0,6.68011999130249
2021-02-15 07:00:00,1.5091161779749611e-33,13.924599647521973,5.002074998253867e-41,21.022228240966797
2021-02-15 08:00:00,2.1945525077171624e-05,53.55268478393555,5.925139813278808e-32,21.769153594970703
2021-02-15 09:00:00,88.50320434570312,136.96270751953125,153.48028564453125,76.6495590209961
2021-02-15 10:00:00,262.24114990234375,270.6590881347656,365.75921630859375,177.11907958984375
2021-02-15 11:00:00,438.4197998046875,378.37957763671875,528.7354736328125,269.6943359375
2021-02-15 12:00:00,548.7715454101562,456.9140930175781,652.31298828125,333.28668212890625
2021-02-15 13:00:00,551.284912109375,501.90338134765625,706.4666137695312,348.79364013671875
2021-02-15 14:00:00,563.5066528320312,492.30853271484375,701.6583251953125,340.72821044921875
2021-02-15 15:00:00,550.5576782226562,454.697509765625,661.7046508789062,306.30670166015625
2021-02-15 16:00:00,383.1327819824219,366.32171630859375,582.5771484375,226.9353485107422
2021-02-15 17:00:00,212.27957153320312,247.37054443359375,315.4244689941406,118.37307739257812
2021-02-15 18:00:00,53.55004119873047,76.00242614746094,111.04199981689453,23.524951934814453
2021-02-15 19:00:00,2.3615467166629556e-17,0.0007642573909834027,1.5089185650318972e-28,6.983264029258862e-05
2021-02-15 20:00:00,3.075644785741029e-33,5.467304025409052e-19,0.0,2.8234170557084326e-09
2021-02-15 21:00:00,1.8993844206959914e-36,5.981308476195956e-22,0.0,3.257155613778861e-16
2021-02-15 22:00:00,3.229647953681188e-33,8.750172945575818e-18,0.0,1.0631673797898648e-15
2021-02-15 23:00:00,4.9391495516148703e-33,1.0895489904168648e-19,0.0,2.2562517201175285e-16
2021-02-15 24:00:00,3.8883558850624176e-30,7.633551083342523e-18,0.0,5.0836715208540245e-15
2021-02-16 01:00:00,2.6190548557923696e-39,1.0980536427149499e-17,0.0,7.831543283466763e-21
2021-02-16 02:00:00,1.6255169805889938e-35,1.0288418061972098e-32,0.0,9.37919900132042e-16
2021-02-16 03:00:00,1.7523657685921135e-37,9.706873696965746e-16,0.0,5.493566712644338e-10
2021-02-16 04:00:00,3.9939077912906944e-36,1.7168736118661383e-14,1.6815581571897805e-44,1.7726203838108745e-10
2021-02-16 05:00:00,7.76243278163664e-33,1.4800462857527223e-25,0.0,7.297482795820542e-08
2021-02-16 06:00:00,4.9772271738844594e-39,4.4486038040897845e-18,0.0,2.1935026950359315e-07
2021-02-16 07:00:00,1.836877809926238e-36,2.143733501434326,7.509154630847167e-26,1.4918946027755737
2021-02-16 08:00:00,9.400120006830548e-07,44.911102294921875,1.176261621089867e-24,3.4693386554718018
2021-02-16 09:00:00,99.29356384277344,131.99215698242188,172.70887756347656,82.08942413330078
2021-02-16 10:00:00,273.2411804199219,266.4801940917969,385.33758544921875,189.81101989746094
2021-02-16 11:00:00,434.7034912109375,378.8907470703125,556.2259521484375,276.71636962890625
2021-02-16 12:00:00,545.1680908203125,452.29278564453125,671.2521362304688,334.0902099609375
2021-02-16 13:00:00,582.4898071289062,493.7064514160156,711.6402587890625,341.29925537109375
2021-02-16 14:00:00,605.70263671875,486.3605041503906,715.8292846679688,341.893798828125
2021-02-16 15:00:00,578.4847412109375,453.177734375,687.1312866210938,310.10748291015625
2021-02-16 16:00:00,432.0122985839844,361.33392333984375,607.3218994140625,236.43734741210938
2021-02-16 17:00:00,257.837890625,251.58541870117188,389.7801208496094,122.47403717041016
2021-02-16 18:00:00,68.24530792236328,78.01457977294922,156.4724578857422,22.257869720458984
2021-02-16 19:00:00,3.128588651705418e-17,0.0011145364260300994,2.8963957968142218e-11,3.598057082854211e-05
2021-02-16 20:00:00,1.0848677036673232e-32,5.145060514947688e-18,0.0,4.097856221019214e-10
2021-02-16 21:00:00,1.0383215804611626e-37,1.8903087045725186e-18,0.0,9.575805724531747e-14
2021-02-16 22:00:00,4.498411972646092e-35,7.032141974360331e-18,0.0,3.4864403914980358e-06
2021-02-16 23:00:00,1.941650528290553e-33,3.359121013971318e-19,0.0,6.060300265092744e-12
2021-02-16 24:00:00,2.3394190160460417e-31,4.181090152918787e-16,0.0,5.0289040293138854e-11
2021-02-17 01:00:00,9.738216058103256e-38,8.913655675114179e-14,0.0,3.9008723579113253e-19
2021-02-17 02:00:00,3.8892383132432165e-34,3.9773821321586668e-28,0.0,6.28784998108747e-15
2021-02-17 03:00:00,3.118252030635366e-36,8.611677451871025e-13,0.0,4.881773110754217e-11
2021-02-17 04:00:00,3.8579962792305636e-36,2.0528674316011575e-09,1.4390606553414422e-39,2.146198951891165e-08
2021-02-17 05:00:00,4.274789531888884e-32,1.0411733325905211e-22,2.802596928649634e-44,1.690027284784179e-10
2021-02-17 06:00:00,2.185792428282251e-38,3.649804725114336e-08,5.868637968592334e-42,1.842749397518162e-09
2021-02-17 07:00:00,2.8666943741508806e-34,13.067239761352539,4.485950355325541e-29,0.04798281565308571
2021-02-17 08:00:00,0.00026217670529149473,54.44106674194336,1.4070416617245491e-27,3.384814044693485e-05
2021-02-17 09:00:00,89.17935180664062,141.00265502929688,163.75039672851562,69.50499725341797
2021-02-17 10:00:00,246.94677734375,267.18939208984375,371.91558837890625,189.56922912597656
2021-02-17 11:00:00,449.86370849609375,391.2559814453125,550.0924072265625,280.0230712890625
2021-02-17 12:00:00,550.2578735351562,415.6542053222656,668.948974609375,340.122802734375
2021-02-17 13:00:00,574.4081420898438,489.3759460449219,723.07568359375,352.79302978515625
2021-02-17 14:00:00,594.5469360351562,428.7605895996094,725.7833251953125,343.59661865234375
2021-02-17 15:00:00,577.3240356445312,389.1337585449219,695.5222778320312,313.19512939453125
2021-02-17 16:00:00,426.0152282714844,373.0655212402344,636.5643310546875,238.75485229492188
2021-02-17 17:00:00,249.63882446289062,319.7679443359375,440.53143310546875,127.43399810791016
2021-02-17 18:00:00,73.60911560058594,107.40261840820312,183.20904541015625,19.469093322753906
2021-02-17 19:00:00,5.385327736051951e-14,0.013271233066916466,0.8289023041725159,1.6095201837984519e-09
2021-02-17 20:00:00,1.0700278691919351e-29,2.652687987938142e-17,0.0,1.1082214857707946e-15
2021-02-17 21:00:00,7.508060923947607e-35,4.8931048417310335e-20,0.0,1.6214620807957135e-18
2021-02-17 22:00:00,3.8638367068414123e-32,4.8509957392335555e-18,0.0,2.892537893776394e-14
2021-02-17 23:00:00,5.97045288706374e-31,6.368041160984443e-22,0.0,5.272522347179148e-17
2021-02-17 24:00:00,8.612856211503153e-29,7.428579760057369e-19,0.0,3.620380599857805e-15
2021-02-18 01:00:00,6.676832934255972e-37,1.518544540330194e-13,0.0,2.2468896237702043e-16
2021-02-18 02:00:00,2.4966307986725256e-33,4.04516344603838e-30,0.0,3.3500856169016435e-12
2021-02-18 03:00:00,2.187271984221134e-35,1.2125103167597712e-13,0.0,2.801874927627068e-07
2021-02-18 04:00:00,7.629296291462507e-34,1.3867146320123425e-10,1.2426154262246748e-40,1.8411490998460067e-07
2021-02-18 05:00:00,1.2423382258247345e-30,1.4672692535822773e-24,4.74946852928389e-38,2.230783877621434e-07
2021-02-18 06:00:00,4.159680278581549e-37,1.6245945561044195e-11,1.0509112350893182e-34,1.2992157962798956e-06
2021-02-18 07:00:00,1.2348851008716297e-33,10.55646800994873,2.803205236017106e-19,0.6097859144210815
2021-02-18 08:00:00,8.556790271541104e-05,47.1401252746582,2.0147643349832924e-19,0.06485424190759659
2021-02-18 09:00:00,95.72818756103516,133.3462371826172,174.50091552734375,77.31752014160156
2021-02-18 10:00:00,269.1114196777344,268.2996826171875,374.4279479980469,193.38380432128906
2021-02-18 11:00:00,426.900634765625,374.48309326171875,521.8035888671875,281.87646484375
2021-02-18 12:00:00,544.0601806640625,444.04400634765625,641.342529296875,339.59466552734375
2021-02-18 13:00:00,584.0003662109375,474.3721923828125,694.2215576171875,352.064453125
2021-02-18 14:00:00,583.2896728515625,473.67535400390625,686.8067626953125,347.80426025390625
2021-02-18 15:00:00,555.4216918945312,437.3551025390625,654.3973999023438,317.4541931152344
2021-02-18 16:00:00,423.4264831542969,359.6815490722656,570.0222778320312,252.66311645507812
2021-02-18 17:00:00,232.19259643554688,218.19960021972656,335.76605224609375,129.61868286132812
2021-02-18 18:00:00,64.18988037109375,68.08723449707031,137.7571563720703,15.604625701904297
2021-02-18 19:00:00,9.13607365216236e-15,0.01680966094136238,4.1222102709070896e-07,2.306074255165047e-11
2021-02-18 20:00:00,1.6031049887658268e-31,4.673319527413982e-16,0.0,3.2473439017552223e-15
2021-02-18 21:00:00,3.7166906658106304e-34,7.536243003647857e-19,0.0,6.333969442757809e-17
2021-02-18 22:00:00,8.599649598299349e-31,3.1341209018166216e-16,0.0,6.513094100504824e-13
2021-02-18 23:00:00,1.2366223892458385e-29,2.8924659340261853e-18,0.0,5.026307061534174e-14
2021-02-18 24:00:00,3.606986755623379e-27,2.173745226516626e-14,2.1373977450377148e-39,3.127998348621125e-13
2021-02-19 01:00:00,3.7448047926892833e-38,4.12025445993686e-18,6.981268949266239e-42,1.324794204917004e-16
2021-02-19 02:00:00,7.688195446100916e-34,2.2751288790108692e-30,1.3116028196280218e-26,5.361801280745482e-12
2021-02-19 03:00:00,7.590860840432984e-34,1.5758230766278747e-13,1.169811047075503e-13,0.00021937092242296785
2021-02-19 04:00:00,5.976032253450483e-32,1.827452772440452e-10,2.2575673275238017e-10,0.01181033905595541
2021-02-19 05:00:00,2.5721955983789243e-29,1.6237117701276844e-22,6.36993320313195e-08,13.024042129516602
2021-02-19 06:00:00,4.214197757220788e-34,7.702959797795117e-12,9.192948102922224e-16,15.078041076660156
2021-02-19 07:00:00,1.3916878111701538e-29,13.582520484924316,0.0012275726767256856,26.207244873046875
2021-02-19 08:00:00,0.00014326015661936253,50.579139709472656,9.586799621582031,22.94019317626953
2021-02-19 09:00:00,65.41001892089844,125.0581283569336,183.20046997070312,75.91236114501953
2021-02-19 10:00:00,175.08984375,247.19918823242188,322.27618408203125,152.11993408203125
2021-02-19 11:00:00,282.31939697265625,342.365234375,403.6324462890625,250.3099822998047
2021-02-19 12:00:00,310.2525634765625,397.9865417480469,452.814697265625,311.46856689453125
2021-02-19 13:00:00,295.0537414550781,420.6834411621094,461.759521484375,327.558837890625
2021-02-19 14:00:00,316.2629699707031,401.20465087890625,373.332275390625,315.89471435546875
2021-02-19 15:00:00,297.89501953125,320.0581970214844,398.74407958984375,264.35504150390625
2021-02-19 16:00:00,194.53602600097656,250.20944213867188,319.09027099609375,167.1725311279297
2021-02-19 17:00:00,88.43350219726562,153.27450561523438,175.7115478515625,85.69080352783203
2021-02-19 18:00:00,12.387531280517578,42.05291748046875,99.4905014038086,24.677013397216797
2021-02-19 19:00:00,1.7831448454274655e-19,5.425020935945213e-05,2.6379966584499925e-06,1.805044174194336
2021-02-19 20:00:00,6.440959664857486e-32,2.6477631613661545e-18,0.0,0.0002340221544727683
2021-02-19 21:00:00,9.617326546295479e-35,2.0036906755242327e-25,0.0,0.0010018529137596488
2021-02-19 22:00:00,2.3493433768954084e-33,1.183524592068102e-19,0.0,0.6911883354187012
2021-02-19 23:00:00,4.11254449551053e-33,2.160509528025237e-22,0.0,0.008131963200867176
2021-02-19 24:00:00,5.67906072091298e-30,8.584203291570116e-18,5.974234687489206e-31,0.08874230086803436
2021-02-20 01:00:00,3.1555492596111403e-37,9.719758490844137e-18,0.0,2.6668312003153005e-10
2021-02-20 02:00:00,3.1065384303195696e-33,3.18397018707152e-26,6.041753820355636e-38,3.8121695524750976e-06
2021-02-20 03:00:00,1.5175446561413493e-33,9.28396075294824e-12,1.2783514950478015e-22,0.9127421379089355
2021-02-20 04:00:00,1.9196904203730712e-31,1.2994884457384615e-07,1.6887606761883944e-05,0.0008747209794819355
2021-02-20 05:00:00,1.1360668333714135e-28,2.35905690689658e-21,1.0383410881331656e-05,0.00699935806915164
2021-02-20 06:00:00,4.979271469695839e-34,5.282765891401198e-11,5.091078669750004e-10,0.025735128670930862
2021-02-20 07:00:00,2.684742105429929e-27,15.7908935546875,0.14148671925067902,8.835686683654785
2021-02-20 08:00:00,0.0370645597577095,49.34121322631836,0.015025632455945015,19.162315368652344
2021-02-20 09:00:00,88.89952087402344,132.71185302734375,195.56423950195312,80.93203735351562
2021-02-20 10:00:00,238.31744384765625,257.5043640136719,377.7886962890625,187.4199981689453
2021-02-20 11:00:00,384.6337890625,361.47320556640625,509.513427734375,267.39898681640625
2021-02-20 12:00:00,479.91058349609375,428.0017395019531,599.216796875,313.0596618652344
2021-02-20 13:00:00,388.6150817871094,429.55010986328125,609.2985229492188,320.42706298828125
2021-02-20 14:00:00,321.7604675292969,392.02630615234375,535.3299560546875,313.86700439453125
2021-02-20 15:00:00,177.27328491210938,264.2543640136719,509.0973205566406,275.98736572265625
2021-02-20 16:00:00,73.59663391113281,122.27989196777344,271.4307556152344,202.47149658203125
2021-02-20 17:00:00,44.14665985107422,99.39694213867188,161.90188598632812,106.24613952636719
2021-02-20 18:00:00,1.5860247611999512,32.62861251831055,78.04681396484375,20.348922729492188
2021-02-20 19:00:00,7.181288041327018e-20,1.7429450736017316e-06,8.916349136240717e-20,0.0002851366880349815
2021-02-20 20:00:00,2.509562184273891e-31,5.993105517681447e-18,0.0,4.213978055389589e-09
2021-02-20 21:00:00,1.49296901819199e-33,2.7075299135124947e-22,0.0,8.452654266626058e-13
2021-02-20 22:00:00,8.460799265184739e-32,5.664710182286465e-17,0.0,4.143454676586167e-11
2021-02-20 23:00:00,2.7518772261789505e-30,3.641942233811747e-18,0.0,8.74046723886579e-10
2021-02-20 24:00:00,1.2678492350026415e-26,5.1790586115497625e-14,1.4713020801727243e-35,6.422335996347783e-10
2021-02-21 01:00:00,1.716047779036618e-30,4.868198614432821e-18,0.0,2.586134524777228e-16
2021-02-21 02:00:00,1.1279828628004696e-28,4.3005242276923684e-29,6.818419246916414e-31,2.5684625867133937e-12
2021-02-21 03:00:00,5.038360252144186e-30,1.612547552085064e-12,7.727348212698666e-22,2.6430532216181746e-06
2021-02-21 04:00:00,2.4729311227446403e-28,5.343406619950919e-11,5.238720769500026e-17,4.993825314159039e-06
2021-02-21 05:00:00,9.718267921653258e-27,5.515052175056205e-23,2.079562665640976e-17,7.523202657466754e-05
2021-02-21 06:00:00,2.122149338898246e-31,2.8574745414083284e-15,2.021815255563471e-28,0.00016202664119191468
2021-02-21 07:00:00,1.952753718873678e-27,10.53237533569336,2.019902528658385e-14,3.7780797481536865
2021-02-21 08:00:00,0.00019594574405346066,48.9891357421875,0.009645434096455574,13.511811256408691
2021-02-21 09:00:00,65.56727600097656,126.02914428710938,167.9197235107422,87.56565856933594
2021-02-21 10:00:00,176.43833923339844,244.2247314453125,336.71435546875,190.41372680664062
2021-02-21 11:00:00,297.7931213378906,351.4992980957031,444.8642883300781,269.0316162109375
2021-02-21 12:00:00,356.8155517578125,425.7273864746094,529.6017456054688,321.24969482421875
2021-02-21 13:00:00,361.6987609863281,454.4517822265625,574.904052734375,331.29461669921875
2021-02-21 14:00:00,362.7260437011719,453.06329345703125,514.1912231445312,317.0711975097656
2021-02-21 15:00:00,357.83935546875,397.8697814941406,504.1818542480469,265.7376403808594
2021-02-21 16:00:00,214.356689453125,318.4883728027344,402.39410400390625,178.54336547851562
2021-02-21 17:00:00,89.78765869140625,160.86370849609375,211.83084106445312,99.00067138671875
2021-02-21 18:00:00,6.735571384429932,40.82912063598633,74.76345825195312,24.156509399414062
2021-02-21 19:00:00,1.0293034877000671e-20,1.914338099595625e-06,7.181280771184915e-22,0.06180139631032944
2021-02-21 20:00:00,1.510626849846241e-31,4.5401382871859225e-17,0.0,2.3620809486146754e-07
2021-02-21 21:00:00,3.149772377858844e-32,9.325726314389466e-22,0.0,1.2215033672047237e-12
2021-02-21 22:00:00,9.900401805958817e-31,6.56236128907309e-17,0.0,5.162118020367312e-13
2021-02-21 23:00:00,1.267077233244287e-31,2.6654866433634454e-19,0.0,1.3220259956203684e-11
2021-02-21 24:00:00,5.27401892093037e-29,2.969872544491193e-17,0.0,6.594020902223052e-12
2021-02-22 01:00:00,3.24544586307227e-32,1.7095414017157665e-21,0.0,2.1165516235443273e-19
2021-02-22 02:00:00,2.5106262887800295e-30,1.8510845733782897e-31,0.0,6.7347708220802036e-15
2021-02-22 03:00:00,9.364424400928085e-33,6.686120536805671e-19,1.1996434128919929e-33,5.454707796559433e-09
2021-02-22 04:00:00,1.9135197803278646e-31,3.9648502647812896e-15,2.755722127141168e-30,7.69439179038045e-10
2021-02-22 05:00:00,2.985438775427448e-29,9.410904755894215e-26,2.547289513166036e-19,1.4459113906184484e-08
2021-02-22 06:00:00,6.396069096803018e-35,1.8266265507538987e-14,3.839387011786796e-25,6.2096372488440466e-09
2021-02-22 07:00:00,1.3552288476562363e-30,12.871684074401855,1.987763608825913e-18,0.0002561842557042837
2021-02-22 08:00:00,0.003722835099324584,49.184181213378906,6.569202138913353e-16,2.3166921138763428
2021-02-22 09:00:00,91.91162872314453,134.76235961914062,179.3131561279297,70.35755157470703
2021-02-22 10:00:00,252.89193725585938,269.0880126953125,381.4878845214844,127.8665542602539
2021-02-22 11:00:00,410.4373779296875,381.4400634765625,537.4775390625,182.018310546875
2021-02-22 12:00:00,532.7518920898438,457.7587890625,656.0791015625,240.65487670898438
2021-02-22 13:00:00,582.9656372070312,494.3876953125,707.3653564453125,287.0682373046875
2021-02-22 14:00:00,591.3372192382812,493.03997802734375,711.0038452148438,301.56591796875
2021-02-22 15:00:00,569.345947265625,460.9766845703125,684.0894775390625,262.0116271972656
2021-02-22 16:00:00,452.135498046875,388.3428649902344,610.229736328125,171.9482421875
2021-02-22 17:00:00,267.2848205566406,257.6048889160156,395.213623046875,103.56402587890625
2021-02-22 18:00:00,72.69689178466797,78.50914764404297,179.98233032226562,20.745403289794922
2021-02-22 19:00:00,3.4706266570909026e-15,0.00012802236597053707,6.05231237411499,2.724789737840183e-06
2021-02-22 20:00:00,1.3688506819050763e-32,5.187584694091606e-20,0.0,2.903694266368634e-13
2021-02-22 21:00:00,1.0276316686273774e-36,5.478428829166066e-20,0.0,2.3322003337630443e-17
2021-02-22 22:00:00,8.80125405732775e-34,2.723330866611396e-19,0.0,4.2466920076506855e-15
2021-02-22 23:00:00,2.6900442514339247e-33,8.571722913272538e-21,0.0,2.3162236711038276e-17
2021-02-22 24:00:00,6.1593172134216554e-31,1.1475589961692073e-17,5.692721761977925e-39,1.0239525071890692e-15
2021-02-23 01:00:00,5.19962220848298e-38,1.3815405154738158e-17,0.0,1.288936570563708e-17
2021-02-23 02:00:00,3.17015156985239e-35,1.0595785773812133e-33,0.0,6.9354735848662155e-15
2021-02-23 03:00:00,5.3496176445198165e-37,1.6914168836693576e-14,0.0,3.324308536778453e-11
2021-02-23 04:00:00,2.444288973966286e-35,4.0847869791499347e-13,6.869165072120253e-42,2.601121817935592e-10
2021-02-23 05:00:00,2.0391459195451582e-32,7.933271367620458e-27,5.6964385660247e-38,6.344899050603203e-10
2021-02-23 06:00:00,2.455490814881291e-38,2.6361067158081532e-15,5.761243028258331e-35,1.9105424187149112e-10
2021-02-23 07:00:00,6.404838009153664e-34,11.740005493164062,1.947000537494825e-23,0.001769741647876799
2021-02-23 08:00:00,0.0001287481136387214,49.33427810668945,3.486984008120351e-18,4.161737442016602
2021-02-23 09:00:00,103.97022247314453,146.71676635742188,190.80020141601562,92.57752990722656
2021-02-23 10:00:00,254.08056640625,273.6026916503906,384.169189453125,204.20611572265625
2021-02-23 11:00:00,422.0755310058594,384.64532470703125,544.124267578125,283.9859313964844
2021-02-23 12:00:00,545.8955078125,457.16644287109375,661.6107788085938,337.33367919921875
2021-02-23 13:00:00,583.2959594726562,492.5849609375,710.6431274414062,348.53924560546875
2021-02-23 14:00:00,596.195556640625,491.9647521972656,710.7003784179688,345.256103515625
2021-02-23 15:00:00,570.6527709960938,459.4542541503906,683.718994140625,312.712158203125
2021-02-23 16:00:00,450.8993225097656,380.477294921875,617.6497802734375,244.24998474121094
2021-02-23 17:00:00,279.71331787109375,255.26431274414062,398.0159912109375,130.70388793945312
2021-02-23 18:00:00,79.24378204345703,76.6544189453125,169.59103393554688,22.757190704345703
2021-02-23 19:00:00,4.793042234673339e-15,2.334359123778995e-05,5.67702443277085e-07,4.684354439716751e-14
2021-02-23 20:00:00,3.2133669161119175e-32,3.4671789778103586e-19,0.0,7.48185029490336e-18
2021-02-23 21:00:00,4.936937802744557e-36,1.9351423849113814e-19,0.0,1.5111186250021246e-21
2021-02-23 22:00:00,6.249007314839961e-33,3.206616567868272e-19,0.0,2.1621155223843397e-16
2021-02-23 23:00:00,3.5355531668778073e-32,9.539099168984653e-20,0.0,2.3736750042403306e-18
2021-02-23 24:00:00,5.277158788592829e-29,1.0796745166846342e-16,8.281673924159669e-43,6.388888941475409e-16
2021-02-24 01:00:00,2.9489541454575753e-39,1.8191860439386275e-14,0.0,9.196705964592718e-15
2021-02-24 02:00:00,2.8112475454017914e-34,9.182227607832412e-30,0.0,9.680332978354717e-14
2021-02-24 03:00:00,8.437161212549855e-35,1.6446516864316793e-14,0.0,1.8755361708144846e-08
2021-02-24 04:00:00,3.7451302914443867e-32,1.1445546767296921e-11,1.1242283827445082e-28,9.448942250855907e-07
2021-02-24 05:00:00,3.0709145556248914e-29,2.8016479851471546e-24,4.201076878991334e-30,2.5417806526206732e-08
2021-02-24 06:00:00,2.914337194628019e-35,2.736758952716112e-16,4.209468968260724e-29,4.814497245320126e-09
2021-02-24 07:00:00,5.2524505932312e-31,12.179539680480957,1.5941567510502352e-11,0.0003946452052332461
2021-02-24 08:00:00,0.0026587187312543392,49.30935287475586,3.5301409283825316e-14,9.87010383605957
2021-02-24 09:00:00,105.74723815917969,140.17306518554688,185.17080688476562,95.22225189208984
2021-02-24 10:00:00,274.2106018066406,267.2718811035156,372.23846435546875,201.45040893554688
2021-02-24 11:00:00,425.7293395996094,372.96563720703125,519.0660400390625,281.39263916015625
2021-02-24 12:00:00,529.8742065429688,438.99578857421875,626.2109375,328.51812744140625
2021-02-24 13:00:00,562.1339111328125,465.24554443359375,663.412841796875,319.3248291015625
2021-02-24 14:00:00,540.4547729492188,470.2074890136719,658.6048583984375,328.5479736328125
2021-02-24 15:00:00,509.68621826171875,433.45330810546875,623.2677001953125,291.51495361328125
2021-02-24 16:00:00,333.29693603515625,332.4167785644531,459.1321716308594,210.08229064941406
2021-02-24 17:00:00,170.98843383789062,202.69915771484375,270.91015625,118.82821655273438
2021-02-24 18:00:00,47.63935089111328,58.760440826416016,106.41356658935547,18.40749740600586
2021-02-24 19:00:00,6.709377753703365e-17,0.0002575225371401757,5.0184305021576565e-15,6.132973903033578e-13
2021-02-24 20:00:00,4.4539718990262515e-32,2.0767246089593066e-17,0.0,9.521949000700044e-18
2021-02-24 21:00:00,3.359338776039472e-34,2.0360249042877582e-21,0.0,4.156908280445157e-20
2021-02-24 22:00:00,2.4248654653084436e-31,1.5988047973167888e-17,0.0,7.342633746402767e-16
2021-02-24 23:00:00,3.7757913735756983e-29,2.7577040984720954e-19,0.0,3.082247015939992e-17
2021-02-24 24:00:00,4.823092878219344e-27,1.1027345916269385e-16,2.4102333586386854e-43,2.6002407997225644e-16
2021-02-25 01:00:00,1.8078936215394487e-39,1.2161580769849649e-17,0.0,6.889269022854457e-17
2021-02-25 02:00:00,1.2163789397399742e-35,4.842640877665185e-32,0.0,2.839511460756347e-16
2021-02-25 03:00:00,6.067258416499691e-36,1.3116908275691286e-14,1.6010087188634614e-39,2.1950532212190732e-13
2021-02-25 04:00:00,2.5566643971949737e-34,8.206677698519016e-11,7.226607586878179e-19,8.46050618452665e-10
2021-02-25 05:00:00,2.0365514859634584e-30,3.797602398589387e-22,2.2771203051379412e-20,1.8008863289509236e-09
2021-02-25 06:00:00,1.0496406909999724e-35,9.327980228512889e-12,8.785588683502276e-19,5.4598290333274235e-09
2021-02-25 07:00:00,1.8157956405174518e-29,18.370773315429688,2.5930697917938232,1.3254550140118226e-05
2021-02-25 08:00:00,0.5744710564613342,50.59980773925781,1.3052618474994684e-14,7.146139621734619
2021-02-25 09:00:00,98.1854019165039,132.50682067871094,179.99664306640625,99.47616577148438
2021-02-25 10:00:00,235.55381774902344,250.37237548828125,360.2181396484375,194.7673797607422
2021-02-25 11:00:00,397.1002197265625,366.9482727050781,504.7176513671875,273.929931640625
2021-02-25 12:00:00,516.3638916015625,436.67669677734375,622.1427001953125,318.2191162109375
2021-02-25 13:00:00,544.1583862304688,452.00030517578125,661.3292236328125,309.1843566894531
2021-02-25 14:00:00,536.8124389648438,464.6262512207031,661.826904296875,319.74468994140625
2021-02-25 15:00:00,507.187255859375,429.51995849609375,627.3219604492188,283.29058837890625
2021-02-25 16:00:00,358.74456787109375,328.02349853515625,501.7440185546875,206.49105834960938
2021-02-25 17:00:00,174.26467895507812,193.77114868164062,285.7034912109375,117.56474304199219
2021-02-25 18:00:00,35.83153533935547,59.04216384887695,99.25797271728516,19.676273345947266
2021-02-25 19:00:00,3.1661059660551587e-18,0.000544652109965682,2.2408813591762312e-23,9.20152756073156e-12
2021-02-25 20:00:00,1.4047158961694274e-32,1.3461070965617646e-18,0.0,1.6979834218896518e-16
2021-02-25 21:00:00,1.8341209657287603e-34,6.307524169956956e-23,0.0,7.601437243626224e-19
2021-02-25 22:00:00,1.90332765655906e-31,2.12805695623251e-18,0.0,7.02027894706179e-15
2021-02-25 23:00:00,6.830632539181909e-30,1.804004821824147e-20,0.0,2.477840218976287e-14
2021-02-25 24:00:00,8.176390171185209e-28,4.64186669599698e-18,0.0,8.741050011628129e-14
2021-02-26 01:00:00,1.1083144208843986e-38,4.6327940963204373e-17,0.0,5.628694738415906e-17
2021-02-26 02:00:00,8.733857019846733e-35,8.205592858852856e-31,0.0,1.1660864060372006e-13
2021-02-26 03:00:00,1.106812419955649e-34,1.0122471471327252e-15,5.467306088409706e-41,0.00010031570855062455
2021-02-26 04:00:00,1.211824061679366e-31,1.5141665048526431e-12,9.175606095174004e-31,0.014036236330866814
2021-02-26 05:00:00,3.442294997178485e-28,5.833811776422109e-25,7.3725079753629485e-28,0.047206584364175797
2021-02-26 06:00:00,1.036167780865122e-32,1.6707606299978459e-15,1.0624149871039194e-27,1.8264726400375366
2021-02-26 07:00:00,1.2538176334571246e-29,11.304471015930176,1.2859433299022144e-13,23.91836929321289
2021-02-26 08:00:00,2.29843171837274e-05,46.66342544555664,6.54266252286817e-10,43.79344940185547
2021-02-26 09:00:00,91.12730407714844,142.26119995117188,193.49478149414062,107.89767456054688
2021-02-26 10:00:00,268.7619323730469,268.4928283691406,384.68023681640625,198.70709228515625
2021-02-26 11:00:00,437.33599853515625,377.0896911621094,536.3363037109375,283.8496398925781
2021-02-26 12:00:00,566.4776000976562,446.7521667480469,650.0564575195312,338.5242919921875
2021-02-26 13:00:00,579.0176391601562,473.31134033203125,691.0956420898438,344.1177978515625
2021-02-26 14:00:00,563.8720092773438,470.6225891113281,680.6366577148438,344.86383056640625
2021-02-26 15:00:00,531.544677734375,431.9584045410156,633.331298828125,309.9166564941406
2021-02-26 16:00:00,330.080078125,317.5543212890625,439.2721862792969,215.35888671875
2021-02-26 17:00:00,148.4979705810547,184.88885498046875,204.62173461914062,129.49215698242188
2021-02-26 18:00:00,43.895713806152344,52.91154861450195,74.11914825439453,28.13922882080078
2021-02-26 19:00:00,8.699041378727734e-13,9.911831875797361e-05,1.0807239556760333e-26,0.001889942679554224
2021-02-26 20:00:00,1.5286983470432402e-28,2.0740534424285683e-20,0.0,1.0150022315691398e-11
2021-02-26 21:00:00,8.963043773316153e-33,1.6205209812241634e-27,0.0,4.7342955022868644e-14
2021-02-26 22:00:00,1.664666864538447e-29,7.167494804612696e-20,0.0,1.2968088825004997e-08
2021-02-26 23:00:00,1.202033063602836e-28,1.2059079210981136e-23,0.0,4.4887689121253516e-09
2021-02-26 24:00:00,6.215504790900339e-27,5.059610806041703e-20,0.0,2.5164431649571384e-10
2021-02-27 01:00:00,3.942153915367479e-37,2.7456900185061663e-23,0.0,1.2725929685042381e-11
2021-02-27 02:00:00,9.4288330424875e-34,7.623386792079111e-35,0.0,8.655460792539316e-10
2021-02-27 03:00:00,6.812506796858526e-34,1.6773910006210452e-13,2.6510013791269773e-30,0.000950979592744261
2021-02-27 04:00:00,2.7050590611821685e-32,9.062574302109994e-11,1.1596937892312943e-21,0.009209959767758846
2021-02-27 05:00:00,4.741471004211241e-29,1.7182932738783344e-24,6.726797660415849e-19,1.2868334124505054e-05
2021-02-27 06:00:00,1.3996071242523568e-33,2.871266863591765e-13,4.9033982320372036e-21,9.484405381954275e-06
2021-02-27 07:00:00,5.817355054603605e-29,13.04612922668457,3.314599098303006e-06,4.660575866699219
2021-02-27 08:00:00,0.0036568036302924156,49.76679992675781,3.684927363245549e-11,23.32384490966797
2021-02-27 09:00:00,88.79080200195312,143.456787109375,186.94329833984375,99.23849487304688
2021-02-27 10:00:00,244.30722045898438,263.7882995605469,378.67401123046875,207.2161102294922
2021-02-27 11:00:00,412.5535888671875,367.2528076171875,514.77685546875,288.80926513671875
2021-02-27 12:00:00,543.934326171875,435.46575927734375,629.0313720703125,340.211181640625
2021-02-27 13:00:00,553.4815673828125,458.1503601074219,672.1687622070312,343.5880126953125
2021-02-27 14:00:00,556.651123046875,462.67578125,661.944091796875,343.7525634765625
2021-02-27 15:00:00,518.7911376953125,422.51165771484375,606.2146606445312,306.8924255371094
2021-02-27 16:00:00,356.6473083496094,320.89825439453125,488.9509582519531,225.58253479003906
2021-02-27 17:00:00,187.24423217773438,199.3870849609375,267.7784729003906,122.69429016113281
2021-02-27 18:00:00,48.02892303466797,59.06809616088867,112.54047393798828,21.503528594970703
2021-02-27 19:00:00,4.548915057296914e-15,0.00043174176244065166,2.6576565384170414e-13,1.4543610456566047e-12
2021-02-27 20:00:00,8.69544486472752e-31,5.727675149834486e-19,0.0,4.3950322788984e-18
2021-02-27 21:00:00,5.2855287985518275e-33,2.6424475714340495e-24,0.0,5.193819406400011e-21
2021-02-27 22:00:00,1.0810598366546282e-30,3.084196422149838e-19,0.0,4.063362631766688e-17
2021-02-27 23:00:00,8.675933727373927e-30,1.0875131931084145e-21,0.0,2.6062957700782587e-18
2021-02-27 24:00:00,4.5715714349002264e-27,9.729880493204796e-19,0.0,1.4842134818263478e-17
2021-02-28 01:00:00,1.1394165205597808e-37,1.911336462924229e-18,0.0,2.3011086721489497e-19
2021-02-28 02:00:00,1.3881174751254352e-32,1.4125472875639135e-29,0.0,6.95339686158712e-18
2021-02-28 03:00:00,1.324530724522436e-32,3.00301707871313e-14,2.2477362166042223e-33,7.256543456402031e-14
2021-02-28 04:00:00,1.872812646057759e-30,8.572093729286578e-11,4.633348826138528e-14,2.981541125102183e-10
2021-02-28 05:00:00,2.456105178007603e-26,7.541173883622887e-23,1.9037957616755736e-20,5.798379554278199e-10
2021-02-28 06:00:00,5.864540846054652e-31,5.786209117636214e-16,5.64370882537502e-22,8.934507578217676e-10
2021-02-28 07:00:00,7.124853847520409e-29,12.58591079711914,0.17811219394207,0.00013760110596194863
2021-02-28 08:00:00,2.0765559673309326,47.06486511230469,7.982098031789064e-05,8.622498512268066
2021-02-28 09:00:00,112.08161926269531,132.26998901367188,198.07150268554688,95.75596618652344
2021-02-28 10:00:00,252.25067138671875,247.24932861328125,387.5457763671875,192.77630615234375
2021-02-28 11:00:00,409.7838134765625,361.85430908203125,525.9608764648438,267.36859130859375
2021-02-28 12:00:00,534.9340209960938,430.36541748046875,634.4765625,306.47845458984375
2021-02-28 13:00:00,528.5789794921875,443.1799621582031,676.3572387695312,298.270751953125
2021-02-28 14:00:00,514.3572387695312,453.6522216796875,668.6015625,302.0921630859375
2021-02-28 15:00:00,472.38592529296875,413.96514892578125,632.0476684570312,267.1297302246094
2021-02-28 16:00:00,373.6161804199219,321.1726989746094,557.2437133789062,196.0743865966797
2021-02-28 17:00:00,207.2444610595703,194.61685180664062,314.4842834472656,108.35896301269531
2021-02-28 18:00:00,50.970985412597656,53.39441680908203,130.27255249023438,13.576436042785645
2021-02-28 19:00:00,1.1433043198966469e-15,0.0001534207840450108,1.7917689088074035e-13,2.465520669570065e-11
2021-02-28 20:00:00,5.5065369885456195e-31,1.917763449488613e-18,0.0,7.525563481554338e-17
2021-02-28 21:00:00,6.624222907570527e-35,1.552888311373485e-23,0.0,4.505077389062735e-19
2021-02-28 22:00:00,2.42620579335461e-32,2.5153280297788114e-19,0.0,1.3255783986074838e-15
2021-02-28 23:00:00,2.9893787597767147e-31,1.913754846614063e-22,0.0,8.609004118480701e-16
2021-02-28 24:00:00,4.3118258253472757e-29,8.349373953496671e-19,0.0,5.256439242918708e-16
2021-06-09 01:00:00,0.0,0.0,0.0,0.0
2021-06-09 02:00:00,0.0,0.0,0.0,0.0
2021-06-09 03:00:00,0.0,0.0,0.0,0.0
2021-06-09 04:00:00,0.0,0.0,0.0,0.0
2021-06-09 05:00:00,0.0,0.0,0.0,0.0
2021-06-09 06:00:00,0.0,0.0,0.0,0.0
2021-06-09 07:00:00,0.0,0.0,0.0,0.0
2021-06-09 08:00:00,0.0,0.0,0.0,0.0
2021-06-09 09:00:00,0.0,0.0,0.0,0.0
2021-06-09 10:00:00,0.0,0.0,0.0,0.0
2021-06-09 11:00:00,0.0,0.0,0.0,0.0
2021-06-09 12:00:00,0.0,0.0,0.0,0.0
2021-06-09 13:00:00,0.0,0.0,0.0,0.0
2021-06-09 14:00:00,0.0,0.0,0.0,0.0
2021-06-09 15:00:00,0.0,0.0,0.0,0.0
2021-06-09 16:00:00,0.0,0.0,0.0,0.0
2021-06-09 17:00:00,0.0,0.0,0.0,0.0
2021-06-09 18:00:00,0.0,0.0,0.0,0.0
2021-06-09 19:00:00,0.0,0.0,0.0,0.0
2021-06-09 20:00:00,0.0,0.0,0.0,0.0
2021-06-09 21:00:00,0.0,0.0,0.0,0.0
2021-06-09 22:00:00,0.0,0.0,0.0,0.0
2021-06-09 23:00:00,0.0,0.0,0.0,0.0
2021-06-09 24:00:00,0.0,0.0,0.0,0.0
2021-06-10 01:00:00,0.0,0.0,0.0,0.0
2021-06-10 02:00:00,0.0,0.0,0.0,0.0
2021-06-10 03:00:00,0.0,0.0,0.0,0.0
2021-06-10 04:00:00,0.0,0.0,0.0,0.0
2021-06-10 05:00:00,0.0,0.0,0.0,0.0
2021-06-10 06:00:00,0.0,0.0,0.0,0.0
2021-06-10 07:00:00,0.0,0.0,0.0,0.0
2021-06-10 08:00:00,0.0,0.0,0.0,0.0
2021-06-10 09:00:00,0.0,0.0,0.0,0.0
2021-06-10 10:00:00,0.0,0.0,0.0,0.0
2021-06-10 11:00:00,0.0,0.0,0.0,0.0
2021-06-10 12:00:00,0.0,0.0,0.0,0.0
2021-06-10 13:00:00,0.0,0.0,0.0,0.0
2021-06-10 14:00:00,0.0,0.0,0.0,0.0
2021-06-10 15:00:00,0.0,0.0,0.0,0.0
2021-06-10 16:00:00,0.0,0.0,0.0,0.0
2021-06-10 17:00:00,0.0,0.0,0.0,0.0
2021-06-10 18:00:00,0.0,0.0,0.0,0.0
2021-06-10 19:00:00,0.0,0.0,0.0,0.0
2021-06-10 20:00:00,0.0,0.0,0.0,0.0
2021-06-10 21:00:00,0.0,0.0,0.0,0.0
2021-06-10 22:00:00,0.0,0.0,0.0,0.0
2021-06-10 23:00:00,0.0,0.0,0.0,0.0
2021-06-10 24:00:00,0.0,0.0,0.0,0.0
2021-06-11 01:00:00,0.0,0.0,0.0,0.0
2021-06-11 02:00:00,0.0,0.0,0.0,0.0
2021-06-11 03:00:00,0.0,0.0,0.0,0.0
2021-06-11 04:00:00,0.0,0.0,0.0,0.0
2021-06-11 05:00:00,0.0,0.0,0.0,0.0
2021-06-11 06:00:00,0.0,0.0,0.0,0.0
2021-06-11 07:00:00,0.0,0.0,0.0,0.0
2021-06-11 08:00:00,0.0,0.0,0.0,0.0
2021-06-11 09:00:00,0.0,0.0,0.0,0.0
2021-06-11 10:00:00,0.0,0.0,0.0,0.0
2021-06-11 11:00:00,0.0,0.0,0.0,0.0
2021-06-11 12:00:00,0.0,0.0,0.0,0.0
2021-06-11 13:00:00,0.0,0.0,0.0,0.0
2021-06-11 14:00:00,0.0,0.0,0.0,0.0
2021-06-11 15:00:00,0.0,0.0,0.0,0.0
2021-06-11 16:00:00,0.0,0.0,0.0,0.0
2021-06-11 17:00:00,0.0,0.0,0.0,0.0
2021-06-11 18:00:00,0.0,0.0,0.0,0.0
2021-06-11 19:00:00,0.0,0.0,0.0,0.0
2021-06-11 20:00:00,0.0,0.0,0.0,0.0
2021-06-11 21:00:00,0.0,0.0,0.0,0.0
2021-06-11 22:00:00,0.0,0.0,0.0,0.0
2021-06-11 23:00:00,0.0,0.0,0.0,0.0
2021-06-11 24:00:00,0.0,0.0,0.0,0.0
2021-06-12 01:00:00,0.0,0.0,0.0,0.0
2021-06-12 02:00:00,0.0,0.0,0.0,0.0
2021-06-12 03:00:00,0.0,0.0,0.0,0.0
2021-06-12 04:00:00,0.0,0.0,0.0,0.0
2021-06-12 05:00:00,0.0,0.0,0.0,0.0
2021-06-12 06:00:00,0.0,0.0,0.0,0.0
2021-06-12 07:00:00,0.0,0.0,0.0,0.0
2021-06-12 08:00:00,0.0,0.0,0.0,0.0
2021-06-12 09:00:00,0.0,0.0,0.0,0.0
2021-06-12 10:00:00,0.0,0.0,0.0,0.0
2021-06-12 11:00:00,0.0,0.0,0.0,0.0
2021-06-12 12:00:00,0.0,0.0,0.0,0.0
2021-06-12 13:00:00,0.0,0.0,0.0,0.0
2021-06-12 14:00:00,0.0,0.0,0.0,0.0
2021-06-12 15:00:00,0.0,0.0,0.0,0.0
2021-06-12 16:00:00,0.0,0.0,0.0,0.0
2021-06-12 17:00:00,0.0,0.0,0.0,0.0
2021-06-12 18:00:00,0.0,0.0,0.0,0.0
2021-06-12 19:00:00,0.0,0.0,0.0,0.0
2021-06-12 20:00:00,0.0,0.0,0.0,0.0
2021-06-12 21:00:00,0.0,0.0,0.0,0.0
2021-06-12 22:00:00,0.0,0.0,0.0,0.0
2021-06-12 23:00:00,0.0,0.0,0.0,0.0
2021-06-12 24:00:00,0.0,0.0,0.0,0.0
2021-06-13 01:00:00,0.0,0.0,0.0,0.0
2021-06-13 02:00:00,0.0,0.0,0.0,0.0
2021-06-13 03:00:00,0.0,0.0,0.0,0.0
2021-06-13 04:00:00,0.0,0.0,0.0,0.0
2021-06-13 05:00:00,0.0,0.0,0.0,0.0
2021-06-13 06:00:00,0.0,0.0,0.0,0.0
2021-06-13 07:00:00,0.0,0.0,0.0,0.0
2021-06-13 08:00:00,0.0,0.0,0.0,0.0
2021-06-13 09:00:00,0.0,0.0,0.0,0.0
2021-06-13 10:00:00,0.0,0.0,0.0,0.0
2021-06-13 11:00:00,0.0,0.0,0.0,0.0
2021-06-13 12:00:00,0.0,0.0,0.0,0.0
2021-06-13 13:00:00,0.0,0.0,0.0,0.0
2021-06-13 14:00:00,0.0,0.0,0.0,0.0
2021-06-13 15:00:00,0.0,0.0,0.0,0.0
2021-06-13 16:00:00,0.0,0.0,0.0,0.0
2021-06-13 17:00:00,0.0,0.0,0.0,0.0
2021-06-13 18:00:00,0.0,0.0,0.0,0.0
2021-06-13 19:00:00,0.0,0.0,0.0,0.0
2021-06-13 20:00:00,0.0,0.0,0.0,0.0
2021-06-13 21:00:00,0.0,0.0,0.0,0.0
2021-06-13 22:00:00,0.0,0.0,0.0,0.0
2021-06-13 23:00:00,0.0,0.0,0.0,0.0
2021-06-13 24:00:00,0.0,0.0,0.0,0.0
2021-06-14 01:00:00,0.0,0.0,0.0,0.0
2021-06-14 02:00:00,0.0,0.0,0.0,0.0
2021-06-14 03:00:00,0.0,0.0,0.0,0.0
2021-06-14 04:00:00,0.0,0.0,0.0,0.0
2021-06-14 05:00:00,0.0,0.0,0.0,0.0
2021-06-14 06:00:00,0.0,0.0,0.0,0.0
2021-06-14 07:00:00,0.0,0.0,0.0,0.0
2021-06-14 08:00:00,0.0,0.0,0.0,0.0
2021-06-14 09:00:00,0.0,0.0,0.0,0.0
2021-06-14 10:00:00,0.0,0.0,0.0,0.0
2021-06-14 11:00:00,0.0,0.0,0.0,0.0
2021-06-14 12:00:00,0.0,0.0,0.0,0.0
2021-06-14 13:00:00,0.0,0.0,0.0,0.0
2021-06-14 14:00:00,0.0,0.0,0.0,0.0
2021-06-14 15:00:00,0.0,0.0,0.0,0.0
2021-06-14 16:00:00,0.0,0.0,0.0,0.0
2021-06-14 17:00:00,0.0,0.0,0.0,0.0
2021-06-14 18:00:00,0.0,0.0,0.0,0.0
2021-06-14 19:00:00,0.0,0.0,0.0,0.0
2021-06-14 20:00:00,0.0,0.0,0.0,0.0
2021-06-14 21:00:00,0.0,0.0,0.0,0.0
2021-06-14 22:00:00,0.0,0.0,0.0,0.0
2021-06-14 23:00:00,0.0,0.0,0.0,0.0
2021-06-14 24:00:00,0.0,0.0,0.0,0.0
2021-06-15 01:00:00,0.0,0.0,0.0,0.0
2021-06-15 02:00:00,0.0,0.0,0.0,0.0
2021-06-15 03:00:00,0.0,0.0,0.0,0.0
2021-06-15 04:00:00,0.0,0.0,0.0,0.0
2021-06-15 05:00:00,0.0,0.0,0.0,0.0
2021-06-15 06:00:00,0.0,0.0,0.0,0.0
2021-06-15 07:00:00,0.0,0.0,0.0,0.0
2021-06-15 08:00:00,0.0,0.0,0.0,0.0
2021-06-15 09:00:00,0.0,0.0,0.0,0.0
2021-06-15 10:00:00,0.0,0.0,0.0,0.0
2021-06-15 11:00:00,0.0,0.0,0.0,0.0
2021-06-15 12:00:00,0.0,0.0,0.0,0.0
2021-06-15 13:00:00,0.0,0.0,0.0,0.0
2021-06-15 14:00:00,0.0,0.0,0.0,0.0
2021-06-15 15:00:00,0.0,0.0,0.0,0.0
2021-06-15 16:00:00,0.0,0.0,0.0,0.0
2021-06-15 17:00:00,0.0,0.0,0.0,0.0
2021-06-15 18:00:00,0.0,0.0,0.0,0.0
2021-06-15 19:00:00,0.0,0.0,0.0,0.0
2021-06-15 20:00:00,0.0,0.0,0.0,0.0
2021-06-15 21:00:00,0.0,0.0,0.0,0.0
2021-06-15 22:00:00,0.0,0.0,0.0,0.0
2021-06-15 23:00:00,0.0,0.0,0.0,0.0
2021-06-15 24:00:00,0.0,0.0,0.0,0.0
2021-06-16 01:00:00,0.0,0.0,0.0,0.0
2021-06-16 02:00:00,0.0,0.0,0.0,0.0
2021-06-16 03:00:00,0.0,0.0,0.0,0.0
2021-06-16 04:00:00,0.0,0.0,0.0,0.0
2021-06-16 05:00:00,0.0,0.0,0.0,0.0
2021-06-16 06:00:00,0.0,0.0,0.0,0.0
2021-06-16 07:00:00,0.0,0.0,0.0,0.0
2021-06-16 08:00:00,0.0,0.0,0.0,0.0
2021-06-16 09:00:00,0.0,0.0,0.0,0.0
2021-06-16 10:00:00,0.0,0.0,0.0,0.0
2021-06-16 11:00:00,0.0,0.0,0.0,0.0
2021-06-16 12:00:00,0.0,0.0,0.0,0.0
2021-06-16 13:00:00,0.0,0.0,0.0,0.0
2021-06-16 14:00:00,0.0,0.0,0.0,0.0
2021-06-16 15:00:00,0.0,0.0,0.0,0.0
2021-06-16 16:00:00,0.0,0.0,0.0,0.0
2021-06-16 17:00:00,0.0,0.0,0.0,0.0
2021-06-16 18:00:00,0.0,0.0,0.0,0.0
2021-06-16 19:00:00,0.0,0.0,0.0,0.0
2021-06-16 20:00:00,0.0,0.0,0.0,0.0
2021-06-16 21:00:00,0.0,0.0,0.0,0.0
2021-06-16 22:00:00,0.0,0.0,0.0,0.0
2021-06-16 23:00:00,0.0,0.0,0.0,0.0
2021-06-16 24:00:00,0.0,0.0,0.0,0.0
2021-06-17 01:00:00,0.0,0.0,0.0,0.0
2021-06-17 02:00:00,0.0,0.0,0.0,0.0
2021-06-17 03:00:00,0.0,0.0,0.0,0.0
2021-06-17 04:00:00,0.0,0.0,0.0,0.0
2021-06-17 05:00:00,0.0,0.0,0.0,0.0
2021-06-17 06:00:00,0.0,0.0,0.0,0.0
2021-06-17 07:00:00,0.0,0.0,0.0,0.0
2021-06-17 08:00:00,0.0,0.0,0.0,0.0
2021-06-17 09:00:00,0.0,0.0,0.0,0.0
2021-06-17 10:00:00,0.0,0.0,0.0,0.0
2021-06-17 11:00:00,0.0,0.0,0.0,0.0
2021-06-17 12:00:00,0.0,0.0,0.0,0.0
2021-06-17 13:00:00,0.0,0.0,0.0,0.0
2021-06-17 14:00:00,0.0,0.0,0.0,0.0
2021-06-17 15:00:00,0.0,0.0,0.0,0.0
2021-06-17 16:00:00,0.0,0.0,0.0,0.0
2021-06-17 17:00:00,0.0,0.0,0.0,0.0
2021-06-17 18:00:00,0.0,0.0,0.0,0.0
2021-06-17 19:00:00,0.0,0.0,0.0,0.0
2021-06-17 20:00:00,0.0,0.0,0.0,0.0
2021-06-17 21:00:00,0.0,0.0,0.0,0.0
2021-06-17 22:00:00,0.0,0.0,0.0,0.0
2021-06-17 23:00:00,0.0,0.0,0.0,0.0
2021-06-17 24:00:00,0.0,0.0,0.0,0.0
2021-06-18 01:00:00,0.0,0.0,0.0,0.0
2021-06-18 02:00:00,0.0,0.0,0.0,0.0
2021-06-18 03:00:00,0.0,0.0,0.0,0.0
2021-06-18 04:00:00,0.0,0.0,0.0,0.0
2021-06-18 05:00:00,0.0,0.0,0.0,0.0
2021-06-18 06:00:00,0.0,0.0,0.0,0.0
2021-06-18 07:00:00,0.0,0.0,0.0,0.0
2021-06-18 08:00:00,0.0,0.0,0.0,0.0
2021-06-18 09:00:00,0.0,0.0,0.0,0.0
2021-06-18 10:00:00,0.0,0.0,0.0,0.0
2021-06-18 11:00:00,0.0,0.0,0.0,0.0
2021-06-18 12:00:00,0.0,0.0,0.0,0.0
2021-06-18 13:00:00,0.0,0.0,0.0,0.0
2021-06-18 14:00:00,0.0,0.0,0.0,0.0
2021-06-18 15:00:00,0.0,0.0,0.0,0.0
2021-06-18 16:00:00,0.0,0.0,0.0,0.0
2021-06-18 17:00:00,0.0,0.0,0.0,0.0
2021-06-18 18:00:00,0.0,0.0,0.0,0.0
2021-06-18 19:00:00,0.0,0.0,0.0,0.0
2021-06-18 20:00:00,0.0,0.0,0.0,0.0
2021-06-18 21:00:00,0.0,0.0,0.0,0.0
2021-06-18 22:00:00,0.0,0.0,0.0,0.0
2021-06-18 23:00:00,0.0,0.0,0.0,0.0
2021-06-18 24:00:00,0.0,0.0,0.0,0.0
2021-06-19 01:00:00,0.0,0.0,0.0,0.0
2021-06-19 02:00:00,0.0,0.0,0.0,0.0
2021-06-19 03:00:00,0.0,0.0,0.0,0.0
2021-06-19 04:00:00,0.0,0.0,0.0,0.0
2021-06-19 05:00:00,0.0,0.0,0.0,0.0
2021-06-19 06:00:00,0.0,0.0,0.0,0.0
2021-06-19 07:00:00,0.0,0.0,0.0,0.0
2021-06-19 08:00:00,0.0,0.0,0.0,0.0
2021-06-19 09:00:00,0.0,0.0,0.0,0.0
2021-06-19 10:00:00,0.0,0.0,0.0,0.0
2021-06-19 11:00:00,0.0,0.0,0.0,0.0
2021-06-19 12:00:00,0.0,0.0,0.0,0.0
2021-06-19 13:00:00,0.0,0.0,0.0,0.0
2021-06-19 14:00:00,0.0,0.0,0.0,0.0
2021-06-19 15:00:00,0.0,0.0,0.0,0.0
2021-06-19 16:00:00,0.0,0.0,0.0,0.0
2021-06-19 17:00:00,0.0,0.0,0.0,0.0
2021-06-19 18:00:00,0.0,0.0,0.0,0.0
2021-06-19 19:00:00,0.0,0.0,0.0,0.0
2021-06-19 20:00:00,0.0,0.0,0.0,0.0
2021-06-19 21:00:00,0.0,0.0,0.0,0.0
2021-06-19 22:00:00,0.0,0.0,0.0,0.0
2021-06-19 23:00:00,0.0,0.0,0.0,0.0
2021-06-19 24:00:00,0.0,0.0,0.0,0.0
2021-06-20 01:00:00,0.0,0.0,0.0,0.0
2021-06-20 02:00:00,0.0,0.0,0.0,0.0
2021-06-20 03:00:00,0.0,0.0,0.0,0.0
2021-06-20 04:00:00,0.0,0.0,0.0,0.0
2021-06-20 05:00:00,0.0,0.0,0.0,0.0
2021-06-20 06:00:00,0.0,0.0,0.0,0.0
2021-06-20 07:00:00,0.0,0.0,0.0,0.0
2021-06-20 08:00:00,0.0,0.0,0.0,0.0
2021-06-20 09:00:00,0.0,0.0,0.0,0.0
2021-06-20 10:00:00,0.0,0.0,0.0,0.0
2021-06-20 11:00:00,0.0,0.0,0.0,0.0
2021-06-20 12:00:00,0.0,0.0,0.0,0.0
2021-06-20 13:00:00,0.0,0.0,0.0,0.0
2021-06-20 14:00:00,0.0,0.0,0.0,0.0
2021-06-20 15:00:00,0.0,0.0,0.0,0.0
2021-06-20 16:00:00,0.0,0.0,0.0,0.0
2021-06-20 17:00:00,0.0,0.0,0.0,0.0
2021-06-20 18:00:00,0.0,0.0,0.0,0.0
2021-06-20 19:00:00,0.0,0.0,0.0,0.0
2021-06-20 20:00:00,0.0,0.0,0.0,0.0
2021-06-20 21:00:00,0.0,0.0,0.0,0.0
2021-06-20 22:00:00,0.0,0.0,0.0,0.0
2021-06-20 23:00:00,0.0,0.0,0.0,0.0
2021-06-20 24:00:00,0.0,0.0,0.0,0.0
2021-06-21 01:00:00,0.0,0.0,0.0,0.0
2021-06-21 02:00:00,0.0,0.0,0.0,0.0
2021-06-21 03:00:00,0.0,0.0,0.0,0.0
2021-06-21 04:00:00,0.0,0.0,0.0,0.0
2021-06-21 05:00:00,0.0,0.0,0.0,0.0
2021-06-21 06:00:00,0.0,0.0,0.0,0.0
2021-06-21 07:00:00,0.0,0.0,0.0,0.0
2021-06-21 08:00:00,0.0,0.0,0.0,0.0
2021-06-21 09:00:00,0.0,0.0,0.0,0.0
2021-06-21 10:00:00,0.0,0.0,0.0,0.0
2021-06-21 11:00:00,0.0,0.0,0.0,0.0
2021-06-21 12:00:00,0.0,0.0,0.0,0.0
2021-06-21 13:00:00,0.0,0.0,0.0,0.0
2021-06-21 14:00:00,0.0,0.0,0.0,0.0
2021-06-21 15:00:00,0.0,0.0,0.0,0.0
2021-06-21 16:00:00,0.0,0.0,0.0,0.0
2021-06-21 17:00:00,0.0,0.0,0.0,0.0
2021-06-21 18:00:00,0.0,0.0,0.0,0.0
2021-06-21 19:00:00,0.0,0.0,0.0,0.0
2021-06-21 20:00:00,0.0,0.0,0.0,0.0
2021-06-21 21:00:00,0.0,0.0,0.0,0.0
2021-06-21 22:00:00,0.0,0.0,0.0,0.0
2021-06-21 23:00:00,0.0,0.0,0.0,0.0
2021-06-21 24:00:00,0.0,0.0,0.0,0.0
2021-06-22 01:00:00,0.0,0.0,0.0,0.0
2021-06-22 02:00:00,0.0,0.0,0.0,0.0
2021-06-22 03:00:00,0.0,0.0,0.0,0.0
2021-06-22 04:00:00,0.0,0.0,0.0,0.0
2021-06-22 05:00:00,0.0,0.0,0.0,0.0
2021-06-22 06:00:00,0.0,0.0,0.0,0.0
2021-06-22 07:00:00,0.0,0.0,0.0,0.0
2021-06-22 08:00:00,0.0,0.0,0.0,0.0
2021-06-22 09:00:00,0.0,0.0,0.0,0.0
2021-06-22 10:00:00,0.0,0.0,0.0,0.0
2021-06-22 11:00:00,0.0,0.0,0.0,0.0
2021-06-22 12:00:00,0.0,0.0,0.0,0.0
2021-06-22 13:00:00,0.0,0.0,0.0,0.0
2021-06-22 14:00:00,0.0,0.0,0.0,0.0
2021-06-22 15:00:00,0.0,0.0,0.0,0.0
2021-06-22 16:00:00,0.0,0.0,0.0,0.0
2021-06-22 17:00:00,0.0,0.0,0.0,0.0
2021-06-22 18:00:00,0.0,0.0,0.0,0.0
2021-06-22 19:00:00,0.0,0.0,0.0,0.0
2021-06-22 20:00:00,0.0,0.0,0.0,0.0
2021-06-22 21:00:00,0.0,0.0,0.0,0.0
2021-06-22 22:00:00,0.0,0.0,0.0,0.0
2021-06-22 23:00:00,0.0,0.0,0.0,0.0
2021-06-22 24:00:00,0.0,0.0,0.0,0.0
2021-06-23 01:00:00,0.0,0.0,0.0,0.0
2021-06-23 02:00:00,0.0,0.0,0.0,0.0
2021-06-23 03:00:00,0.0,0.0,0.0,0.0
2021-06-23 04:00:00,0.0,0.0,0.0,0.0
2021-06-23 05:00:00,0.0,0.0,0.0,0.0
2021-06-23 06:00:00,0.0,0.0,0.0,0.0
2021-06-23 07:00:00,0.0,0.0,0.0,0.0
2021-06-23 08:00:00,0.0,0.0,0.0,0.0
2021-06-23 09:00:00,0.0,0.0,0.0,0.0
2021-06-23 10:00:00,0.0,0.0,0.0,0.0
2021-06-23 11:00:00,0.0,0.0,0.0,0.0
2021-06-23 12:00:00,0.0,0.0,0.0,0.0
2021-06-23 13:00:00,0.0,0.0,0.0,0.0
2021-06-23 14:00:00,0.0,0.0,0.0,0.0
2021-06-23 15:00:00,0.0,0.0,0.0,0.0
2021-06-23 16:00:00,0.0,0.0,0.0,0.0
2021-06-23 17:00:00,0.0,0.0,0.0,0.0
2021-06-23 18:00:00,0.0,0.0,0.0,0.0
2021-06-23 19:00:00,0.0,0.0,0.0,0.0
2021-06-23 20:00:00,0.0,0.0,0.0,0.0
2021-06-23 21:00:00,0.0,0.0,0.0,0.0
2021-06-23 22:00:00,0.0,0.0,0.0,0.0
2021-06-23 23:00:00,0.0,0.0,0.0,0.0
2021-06-23 24:00:00,0.0,0.0,0.0,0.0
2021-06-24 01:00:00,0.0,0.0,0.0,0.0
2021-06-24 02:00:00,0.0,0.0,0.0,0.0
2021-06-24 03:00:00,0.0,0.0,0.0,0.0
2021-06-24 04:00:00,0.0,0.0,0.0,0.0
2021-06-24 05:00:00,0.0,0.0,0.0,0.0
2021-06-24 06:00:00,0.0,0.0,0.0,0.0
2021-06-24 07:00:00,0.0,0.0,0.0,0.0
2021-06-24 08:00:00,0.0,0.0,0.0,0.0
2021-06-24 09:00:00,0.0,0.0,0.0,0.0
2021-06-24 10:00:00,0.0,0.0,0.0,0.0
2021-06-24 11:00:00,0.0,0.0,0.0,0.0
2021-06-24 12:00:00,0.0,0.0,0.0,0.0
2021-06-24 13:00:00,0.0,0.0,0.0,0.0
2021-06-24 14:00:00,0.0,0.0,0.0,0.0
2021-06-24 15:00:00,0.0,0.0,0.0,0.0
2021-06-24 16:00:00,0.0,0.0,0.0,0.0
2021-06-24 17:00:00,0.0,0.0,0.0,0.0
2021-06-24 18:00:00,0.0,0.0,0.0,0.0
2021-06-24 19:00:00,0.0,0.0,0.0,0.0
2021-06-24 20:00:00,0.0,0.0,0.0,0.0
2021-06-24 21:00:00,0.0,0.0,0.0,0.0
2021-06-24 22:00:00,0.0,0.0,0.0,0.0
2021-06-24 23:00:00,0.0,0.0,0.0,0.0
2021-06-24 24:00:00,0.0,0.0,0.0,0.0
2021-06-25 01:00:00,0.0,0.0,0.0,0.0
2021-06-25 02:00:00,0.0,0.0,0.0,0.0
2021-06-25 03:00:00,0.0,0.0,0.0,0.0
2021-06-25 04:00:00,0.0,0.0,0.0,0.0
2021-06-25 05:00:00,0.0,0.0,0.0,0.0
2021-06-25 06:00:00,0.0,0.0,0.0,0.0
2021-06-25 07:00:00,0.0,0.0,0.0,0.0
2021-06-25 08:00:00,0.0,0.0,0.0,0.0
2021-06-25 09:00:00,0.0,0.0,0.0,0.0
2021-06-25 10:00:00,0.0,0.0,0.0,0.0
2021-06-25 11:00:00,0.0,0.0,0.0,0.0
2021-06-25 12:00:00,0.0,0.0,0.0,0.0
2021-06-25 13:00:00,0.0,0.0,0.0,0.0
2021-06-25 14:00:00,0.0,0.0,0.0,0.0
2021-06-25 15:00:00,0.0,0.0,0.0,0.0
2021-06-25 16:00:00,0.0,0.0,0.0,0.0
2021-06-25 17:00:00,0.0,0.0,0.0,0.0
2021-06-25 18:00:00,0.0,0.0,0.0,0.0
2021-06-25 19:00:00,0.0,0.0,0.0,0.0
2021-06-25 20:00:00,0.0,0.0,0.0,0.0
2021-06-25 21:00:00,0.0,0.0,0.0,0.0
2021-06-25 22:00:00,0.0,0.0,0.0,0.0
2021-06-25 23:00:00,0.0,0.0,0.0,0.0
2021-06-25 24:00:00,0.0,0.0,0.0,0.0
2021-06-26 01:00:00,0.0,0.0,0.0,0.0
2021-06-26 02:00:00,0.0,0.0,0.0,0.0
2021-06-26 03:00:00,0.0,0.0,0.0,0.0
2021-06-26 04:00:00,0.0,0.0,0.0,0.0
2021-06-26 05:00:00,0.0,0.0,0.0,0.0
2021-06-26 06:00:00,0.0,0.0,0.0,0.0
2021-06-26 07:00:00,0.0,0.0,0.0,0.0
2021-06-26 08:00:00,0.0,0.0,0.0,0.0
2021-06-26 09:00:00,0.0,0.0,0.0,0.0
2021-06-26 10:00:00,0.0,0.0,0.0,0.0
2021-06-26 11:00:00,0.0,0.0,0.0,0.0
2021-06-26 12:00:00,0.0,0.0,0.0,0.0
2021-06-26 13:00:00,0.0,0.0,0.0,0.0
2021-06-26 14:00:00,0.0,0.0,0.0,0.0
2021-06-26 15:00:00,0.0,0.0,0.0,0.0
2021-06-26 16:00:00,0.0,0.0,0.0,0.0
2021-06-26 17:00:00,0.0,0.0,0.0,0.0
2021-06-26 18:00:00,0.0,0.0,0.0,0.0
2021-06-26 19:00:00,0.0,0.0,0.0,0.0
2021-06-26 20:00:00,0.0,0.0,0.0,0.0
2021-06-26 21:00:00,0.0,0.0,0.0,0.0
2021-06-26 22:00:00,0.0,0.0,0.0,0.0
2021-06-26 23:00:00,0.0,0.0,0.0,0.0
2021-06-26 24:00:00,0.0,0.0,0.0,0.0
2021-06-27 01:00:00,0.0,0.0,0.0,0.0
2021-06-27 02:00:00,0.0,0.0,0.0,0.0
2021-06-27 03:00:00,0.0,0.0,0.0,0.0
2021-06-27 04:00:00,0.0,0.0,0.0,0.0
2021-06-27 05:00:00,0.0,0.0,0.0,0.0
2021-06-27 06:00:00,0.0,0.0,0.0,0.0
2021-06-27 07:00:00,0.0,0.0,0.0,0.0
2021-06-27 08:00:00,0.0,0.0,0.0,0.0
2021-06-27 09:00:00,0.0,0.0,0.0,0.0
2021-06-27 10:00:00,0.0,0.0,0.0,0.0
2021-06-27 11:00:00,0.0,0.0,0.0,0.0
2021-06-27 12:00:00,0.0,0.0,0.0,0.0
2021-06-27 13:00:00,0.0,0.0,0.0,0.0
2021-06-27 14:00:00,0.0,0.0,0.0,0.0
2021-06-27 15:00:00,0.0,0.0,0.0,0.0
2021-06-27 16:00:00,0.0,0.0,0.0,0.0
2021-06-27 17:00:00,0.0,0.0,0.0,0.0
2021-06-27 18:00:00,0.0,0.0,0.0,0.0
2021-06-27 19:00:00,0.0,0.0,0.0,0.0
2021-06-27 20:00:00,0.0,0.0,0.0,0.0
2021-06-27 21:00:00,0.0,0.0,0.0,0.0
2021-06-27 22:00:00,0.0,0.0,0.0,0.0
2021-06-27 23:00:00,0.0,0.0,0.0,0.0
2021-06-27 24:00:00,0.0,0.0,0.0,0.0
2021-06-28 01:00:00,0.0,0.0,0.0,0.0
2021-06-28 02:00:00,0.0,0.0,0.0,0.0
2021-06-28 03:00:00,0.0,0.0,0.0,0.0
2021-06-28 04:00:00,0.0,0.0,0.0,0.0
2021-06-28 05:00:00,0.0,0.0,0.0,0.0
2021-06-28 06:00:00,0.0,0.0,0.0,0.0
2021-06-28 07:00:00,0.0,0.0,0.0,0.0
2021-06-28 08:00:00,0.0,0.0,0.0,0.0
2021-06-28 09:00:00,0.0,0.0,0.0,0.0
2021-06-28 10:00:00,0.0,0.0,0.0,0.0
2021-06-28 11:00:00,0.0,0.0,0.0,0.0
2021-06-28 12:00:00,0.0,0.0,0.0,0.0
2021-06-28 13:00:00,0.0,0.0,0.0,0.0
2021-06-28 14:00:00,0.0,0.0,0.0,0.0
2021-06-28 15:00:00,0.0,0.0,0.0,0.0
2021-06-28 16:00:00,0.0,0.0,0.0,0.0
2021-06-28 17:00:00,0.0,0.0,0.0,0.0
2021-06-28 18:00:00,0.0,0.0,0.0,0.0
2021-06-28 19:00:00,0.0,0.0,0.0,0.0
2021-06-28 20:00:00,0.0,0.0,0.0,0.0
2021-06-28 21:00:00,0.0,0.0,0.0,0.0
2021-06-28 22:00:00,0.0,0.0,0.0,0.0
2021-06-28 23:00:00,0.0,0.0,0.0,0.0
2021-06-28 24:00:00,0.0,0.0,0.0,0.0
2021-06-29 01:00:00,0.0,0.0,0.0,0.0
2021-06-29 02:00:00,0.0,0.0,0.0,0.0
2021-06-29 03:00:00,0.0,0.0,0.0,0.0
2021-06-29 04:00:00,0.0,0.0,0.0,0.0
2021-06-29 05:00:00,0.0,0.0,0.0,0.0
2021-06-29 06:00:00,0.0,0.0,0.0,0.0
2021-06-29 07:00:00,0.0,0.0,0.0,0.0
2021-06-29 08:00:00,0.0,0.0,0.0,0.0
2021-06-29 09:00:00,0.0,0.0,0.0,0.0
2021-06-29 10:00:00,0.0,0.0,0.0,0.0
2021-06-29 11:00:00,0.0,0.0,0.0,0.0
2021-06-29 12:00:00,0.0,0.0,0.0,0.0
2021-06-29 13:00:00,0.0,0.0,0.0,0.0
2021-06-29 14:00:00,0.0,0.0,0.0,0.0
2021-06-29 15:00:00,0.0,0.0,0.0,0.0
2021-06-29 16:00:00,0.0,0.0,0.0,0.0
2021-06-29 17:00:00,0.0,0.0,0.0,0.0
2021-06-29 18:00:00,0.0,0.0,0.0,0.0
2021-06-29 19:00:00,0.0,0.0,0.0,0.0
2021-06-29 20:00:00,0.0,0.0,0.0,0.0
2021-06-29 21:00:00,0.0,0.0,0.0,0.0
2021-06-29 22:00:00,0.0,0.0,0.0,0.0
2021-06-29 23:00:00,0.0,0.0,0.0,0.0
2021-06-29 24:00:00,0.0,0.0,0.0,0.0
2021-06-30 01:00:00,0.0,0.0,0.0,0.0
2021-06-30 02:00:00,0.0,0.0,0.0,0.0
2021-06-30 03:00:00,0.0,0.0,0.0,0.0
2021-06-30 04:00:00,0.0,0.0,0.0,0.0
2021-06-30 05:00:00,0.0,0.0,0.0,0.0
2021-06-30 06:00:00,0.0,0.0,0.0,0.0
2021-06-30 07:00:00,0.0,0.0,0.0,0.0
2021-06-30 08:00:00,0.0,0.0,0.0,0.0
2021-06-30 09:00:00,0.0,0.0,0.0,0.0
2021-06-30 10:00:00,0.0,0.0,0.0,0.0
2021-06-30 11:00:00,0.0,0.0,0.0,0.0
2021-06-30 12:00:00,0.0,0.0,0.0,0.0
2021-06-30 13:00:00,0.0,0.0,0.0,0.0
2021-06-30 14:00:00,0.0,0.0,0.0,0.0
2021-06-30 15:00:00,0.0,0.0,0.0,0.0
2021-06-30 16:00:00,0.0,0.0,0.0,0.0
2021-06-30 17:00:00,0.0,0.0,0.0,0.0
2021-06-30 18:00:00,0.0,0.0,0.0,0.0
2021-06-30 19:00:00,0.0,0.0,0.0,0.0
2021-06-30 20:00:00,0.0,0.0,0.0,0.0
2021-06-30 21:00:00,0.0,0.0,0.0,0.0
2021-06-30 22:00:00,0.0,0.0,0.0,0.0
2021-06-30 23:00:00,0.0,0.0,0.0,0.0
2021-06-30 24:00:00,0.0,0.0,0.0,0.0
2021-07-01 01:00:00,0.0,0.0,0.0,0.0
2021-07-01 02:00:00,0.0,0.0,0.0,0.0
2021-07-01 03:00:00,0.0,0.0,0.0,0.0
2021-07-01 04:00:00,0.0,0.0,0.0,0.0
2021-07-01 05:00:00,0.0,0.0,0.0,0.0
2021-07-01 06:00:00,0.0,0.0,0.0,0.0
2021-07-01 07:00:00,0.0,0.0,0.0,0.0
2021-07-01 08:00:00,0.0,0.0,0.0,0.0
2021-07-01 09:00:00,0.0,0.0,0.0,0.0
2021-07-01 10:00:00,0.0,0.0,0.0,0.0
2021-07-01 11:00:00,0.0,0.0,0.0,0.0
2021-07-01 12:00:00,0.0,0.0,0.0,0.0
2021-07-01 13:00:00,0.0,0.0,0.0,0.0
2021-07-01 14:00:00,0.0,0.0,0.0,0.0
2021-07-01 15:00:00,0.0,0.0,0.0,0.0
2021-07-01 16:00:00,0.0,0.0,0.0,0.0
2021-07-01 17:00:00,0.0,0.0,0.0,0.0
2021-07-01 18:00:00,0.0,0.0,0.0,0.0
2021-07-01 19:00:00,0.0,0.0,0.0,0.0
2021-07-01 20:00:00,0.0,0.0,0.0,0.0
2021-07-01 21:00:00,0.0,0.0,0.0,0.0
2021-07-01 22:00:00,0.0,0.0,0.0,0.0
2021-07-01 23:00:00,0.0,0.0,0.0,0.0
2021-07-01 24:00:00,0.0,0.0,0.0,0.0
2021-07-02 01:00:00,0.0,0.0,0.0,0.0
2021-07-02 02:00:00,0.0,0.0,0.0,0.0
2021-07-02 03:00:00,0.0,0.0,0.0,0.0
2021-07-02 04:00:00,0.0,0.0,0.0,0.0
2021-07-02 05:00:00,0.0,0.0,0.0,0.0
2021-07-02 06:00:00,0.0,0.0,0.0,0.0
2021-07-02 07:00:00,0.0,0.0,0.0,0.0
2021-07-02 08:00:00,0.0,0.0,0.0,0.0
2021-07-02 09:00:00,0.0,0.0,0.0,0.0
2021-07-02 10:00:00,0.0,0.0,0.0,0.0
2021-07-02 11:00:00,0.0,0.0,0.0,0.0
2021-07-02 12:00:00,0.0,0.0,0.0,0.0
2021-07-02 13:00:00,0.0,0.0,0.0,0.0
2021-07-02 14:00:00,0.0,0.0,0.0,0.0
2021-07-02 15:00:00,0.0,0.0,0.0,0.0
2021-07-02 16:00:00,0.0,0.0,0.0,0.0
2021-07-02 17:00:00,0.0,0.0,0.0,0.0
2021-07-02 18:00:00,0.0,0.0,0.0,0.0
2021-07-02 19:00:00,0.0,0.0,0.0,0.0
2021-07-02 20:00:00,0.0,0.0,0.0,0.0
2021-07-02 21:00:00,0.0,0.0,0.0,0.0
2021-07-02 22:00:00,0.0,0.0,0.0,0.0
2021-07-02 23:00:00,0.0,0.0,0.0,0.0
2021-07-02 24:00:00,0.0,0.0,0.0,0.0
2021-07-03 01:00:00,0.0,0.0,0.0,0.0
2021-07-03 02:00:00,0.0,0.0,0.0,0.0
2021-07-03 03:00:00,0.0,0.0,0.0,0.0
2021-07-03 04:00:00,0.0,0.0,0.0,0.0
2021-07-03 05:00:00,0.0,0.0,0.0,0.0
2021-07-03 06:00:00,0.0,0.0,0.0,0.0
2021-07-03 07:00:00,0.0,0.0,0.0,0.0
2021-07-03 08:00:00,0.0,0.0,0.0,0.0
2021-07-03 09:00:00,0.0,0.0,0.0,0.0
2021-07-03 10:00:00,0.0,0.0,0.0,0.0
2021-07-03 11:00:00,0.0,0.0,0.0,0.0
2021-07-03 12:00:00,0.0,0.0,0.0,0.0
2021-07-03 13:00:00,0.0,0.0,0.0,0.0
2021-07-03 14:00:00,0.0,0.0,0.0,0.0
2021-07-03 15:00:00,0.0,0.0,0.0,0.0
2021-07-03 16:00:00,0.0,0.0,0.0,0.0
2021-07-03 17:00:00,0.0,0.0,0.0,0.0
2021-07-03 18:00:00,0.0,0.0,0.0,0.0
2021-07-03 19:00:00,0.0,0.0,0.0,0.0
2021-07-03 20:00:00,0.0,0.0,0.0,0.0
2021-07-03 21:00:00,0.0,0.0,0.0,0.0
2021-07-03 22:00:00,0.0,0.0,0.0,0.0
2021-07-03 23:00:00,0.0,0.0,0.0,0.0
2021-07-03 24:00:00,0.0,0.0,0.0,0.0
2021-07-04 01:00:00,0.0,0.0,0.0,0.0
2021-07-04 02:00:00,0.0,0.0,0.0,0.0
2021-07-04 03:00:00,0.0,0.0,0.0,0.0
2021-07-04 04:00:00,0.0,0.0,0.0,0.0
2021-07-04 05:00:00,0.0,0.0,0.0,0.0
2021-07-04 06:00:00,0.0,0.0,0.0,0.0
2021-07-04 07:00:00,0.0,0.0,0.0,0.0
2021-07-04 08:00:00,0.0,0.0,0.0,0.0
2021-07-04 09:00:00,0.0,0.0,0.0,0.0
2021-07-04 10:00:00,0.0,0.0,0.0,0.0
2021-07-04 11:00:00,0.0,0.0,0.0,0.0
2021-07-04 12:00:00,0.0,0.0,0.0,0.0
2021-07-04 13:00:00,0.0,0.0,0.0,0.0
2021-07-04 14:00:00,0.0,0.0,0.0,0.0
2021-07-04 15:00:00,0.0,0.0,0.0,0.0
2021-07-04 16:00:00,0.0,0.0,0.0,0.0
2021-07-04 17:00:00,0.0,0.0,0.0,0.0
2021-07-04 18:00:00,0.0,0.0,0.0,0.0
2021-07-04 19:00:00,0.0,0.0,0.0,0.0
2021-07-04 20:00:00,0.0,0.0,0.0,0.0
2021-07-04 21:00:00,0.0,0.0,0.0,0.0
2021-07-04 22:00:00,0.0,0.0,0.0,0.0
2021-07-04 23:00:00,0.0,0.0,0.0,0.0
2021-07-04 24:00:00,0.0,0.0,0.0,0.0
2021-07-05 01:00:00,0.0,0.0,0.0,0.0
2021-07-05 02:00:00,0.0,0.0,0.0,0.0
2021-07-05 03:00:00,0.0,0.0,0.0,0.0
2021-07-05 04:00:00,0.0,0.0,0.0,0.0
2021-07-05 05:00:00,0.0,0.0,0.0,0.0
2021-07-05 06:00:00,0.0,0.0,0.0,0.0
2021-07-05 07:00:00,0.0,0.0,0.0,0.0
2021-07-05 08:00:00,0.0,0.0,0.0,0.0
2021-07-05 09:00:00,0.0,0.0,0.0,0.0
2021-07-05 10:00:00,0.0,0.0,0.0,0.0
2021-07-05 11:00:00,0.0,0.0,0.0,0.0
2021-07-05 12:00:00,0.0,0.0,0.0,0.0
2021-07-05 13:00:00,0.0,0.0,0.0,0.0
2021-07-05 14:00:00,0.0,0.0,0.0,0.0
2021-07-05 15:00:00,0.0,0.0,0.0,0.0
2021-07-05 16:00:00,0.0,0.0,0.0,0.0
2021-07-05 17:00:00,0.0,0.0,0.0,0.0
2021-07-05 18:00:00,0.0,0.0,0.0,0.0
2021-07-05 19:00:00,0.0,0.0,0.0,0.0
2021-07-05 20:00:00,0.0,0.0,0.0,0.0
2021-07-05 21:00:00,0.0,0.0,0.0,0.0
2021-07-05 22:00:00,0.0,0.0,0.0,0.0
2021-07-05 23:00:00,0.0,0.0,0.0,0.0
2021-07-05 24:00:00,0.0,0.0,0.0,0.0
2021-07-06 01:00:00,0.0,0.0,0.0,0.0
2021-07-06 02:00:00,0.0,0.0,0.0,0.0
2021-07-06 03:00:00,0.0,0.0,0.0,0.0
2021-07-06 04:00:00,0.0,0.0,0.0,0.0
2021-07-06 05:00:00,0.0,0.0,0.0,0.0
2021-07-06 06:00:00,0.0,0.0,0.0,0.0
2021-07-06 07:00:00,0.0,0.0,0.0,0.0
2021-07-06 08:00:00,0.0,0.0,0.0,0.0
2021-07-06 09:00:00,0.0,0.0,0.0,0.0
2021-07-06 10:00:00,0.0,0.0,0.0,0.0
2021-07-06 11:00:00,0.0,0.0,0.0,0.0
2021-07-06 12:00:00,0.0,0.0,0.0,0.0
2021-07-06 13:00:00,0.0,0.0,0.0,0.0
2021-07-06 14:00:00,0.0,0.0,0.0,0.0
2021-07-06 15:00:00,0.0,0.0,0.0,0.0
2021-07-06 16:00:00,0.0,0.0,0.0,0.0
2021-07-06 17:00:00,0.0,0.0,0.0,0.0
2021-07-06 18:00:00,0.0,0.0,0.0,0.0
2021-07-06 19:00:00,0.0,0.0,0.0,0.0
2021-07-06 20:00:00,0.0,0.0,0.0,0.0
2021-07-06 21:00:00,0.0,0.0,0.0,0.0
2021-07-06 22:00:00,0.0,0.0,0.0,0.0
2021-07-06 23:00:00,0.0,0.0,0.0,0.0
2021-07-06 24:00:00,0.0,0.0,0.0,0.0
2021-07-07 01:00:00,0.0,0.0,0.0,0.0
2021-07-07 02:00:00,0.0,0.0,0.0,0.0
2021-07-07 03:00:00,0.0,0.0,0.0,0.0
2021-07-07 04:00:00,0.0,0.0,0.0,0.0
2021-07-07 05:00:00,0.0,0.0,0.0,0.0
2021-07-07 06:00:00,0.0,0.0,0.0,0.0
2021-07-07 07:00:00,0.0,0.0,0.0,0.0
2021-07-07 08:00:00,0.0,0.0,0.0,0.0
2021-07-07 09:00:00,0.0,0.0,0.0,0.0
2021-07-07 10:00:00,0.0,0.0,0.0,0.0
2021-07-07 11:00:00,0.0,0.0,0.0,0.0
2021-07-07 12:00:00,0.0,0.0,0.0,0.0
2021-07-07 13:00:00,0.0,0.0,0.0,0.0
2021-07-07 14:00:00,0.0,0.0,0.0,0.0
2021-07-07 15:00:00,0.0,0.0,0.0,0.0
2021-07-07 16:00:00,0.0,0.0,0.0,0.0
2021-07-07 17:00:00,0.0,0.0,0.0,0.0
2021-07-07 18:00:00,0.0,0.0,0.0,0.0
2021-07-07 19:00:00,0.0,0.0,0.0,0.0
2021-07-07 20:00:00,0.0,0.0,0.0,0.0
2021-07-07 21:00:00,0.0,0.0,0.0,0.0
2021-07-07 22:00:00,0.0,0.0,0.0,0.0
2021-07-07 23:00:00,0.0,0.0,0.0,0.0
2021-07-07 24:00:00,0.0,0.0,0.0,0.0
2021-07-08 01:00:00,0.0,0.0,0.0,0.0
2021-07-08 02:00:00,0.0,0.0,0.0,0.0
2021-07-08 03:00:00,0.0,0.0,0.0,0.0
2021-07-08 04:00:00,0.0,0.0,0.0,0.0
2021-07-08 05:00:00,0.0,0.0,0.0,0.0
2021-07-08 06:00:00,0.0,0.0,0.0,0.0
2021-07-08 07:00:00,0.0,0.0,0.0,0.0
2021-07-08 08:00:00,0.0,0.0,0.0,0.0
2021-07-08 09:00:00,0.0,0.0,0.0,0.0
2021-07-08 10:00:00,0.0,0.0,0.0,0.0
2021-07-08 11:00:00,0.0,0.0,0.0,0.0
2021-07-08 12:00:00,0.0,0.0,0.0,0.0
2021-07-08 13:00:00,0.0,0.0,0.0,0.0
2021-07-08 14:00:00,0.0,0.0,0.0,0.0
2021-07-08 15:00:00,0.0,0.0,0.0,0.0
2021-07-08 16:00:00,0.0,0.0,0.0,0.0
2021-07-08 17:00:00,0.0,0.0,0.0,0.0
2021-07-08 18:00:00,0.0,0.0,0.0,0.0
2021-07-08 19:00:00,0.0,0.0,0.0,0.0
2021-07-08 20:00:00,0.0,0.0,0.0,0.0
2021-07-08 21:00:00,0.0,0.0,0.0,0.0
2021-07-08 22:00:00,0.0,0.0,0.0,0.0
2021-07-08 23:00:00,0.0,0.0,0.0,0.0
2021-07-08 24:00:00,0.0,0.0,0.0,0.0
